,#,Name,Symbol,Market Cap,Price,Circulating Supply,Volume (24h),% 1h,% 24h,% 7d,Unnamed: 10
0,1,BTC Bitcoin,BTC,"$3,818,877,841",$274.35,13919525,"$22,067,934",0.05%,-0.68%,7.14%,Add to Watchlist Remove from Watchlist Watchlist full! View Chart View Markets View Historical Data
1,2,XRP XRP,XRP,"$317,839,379",$0.009961,"31,908,551,587 *","$735,996",0.05%,-5.43%,-18.24%,Add to Watchlist Remove from Watchlist Watchlist full! View Chart View Markets View Historical Data
2,3,LTC Litecoin,LTC,"$70,182,475",$1.89,37097104,"$1,281,395",0.39%,-1.07%,0.79%,Add to Watchlist Remove from Watchlist Watchlist full! View Chart View Markets View Historical Data
3,4,BTS BitShares,BTS,"$23,344,463",$0.009326,"2,503,180,286 *","$73,965",0.03%,-7.09%,-11.74%,Add to Watchlist Remove from Watchlist Watchlist full! View Chart View Markets View Historical Data
4,5,DASH Dash,DASH,"$17,570,325",$3.39,5184139,"$32,276",-0.42%,-1.20%,3.08%,Add to Watchlist Remove from Watchlist Watchlist full! View Chart View Markets View Historical Data
5,6,NXT Nxt,NXT,"$14,302,745",$0.014303,"999,997,096 *","$42,565",-1.00%,-0.47%,7.90%,Add to Watchlist Remove from Watchlist Watchlist full! View Chart View Markets View Historical Data
6,7,DOGE Dogecoin,DOGE,"$13,753,712",$0.000140,98537619708,"$66,363",0.10%,-1.43%,-3.29%,Add to Watchlist Remove from Watchlist Watchlist full! View Chart View Markets View Historical Data
7,8,XLM Stellar,XLM,"$10,729,149",$0.002958,"3,627,617,400 *","$12,794",0.44%,0.00%,4.70%,Add to Watchlist Remove from Watchlist Watchlist full! View Chart View Markets View Historical Data
8,9,MAID MaidSafeCoin,MAID,"$10,321,269",$0.022807,"452,552,412 *","$22,415",-6.40%,-18.37%,-26.26%,Add to Watchlist Remove from Watchlist Watchlist full! View Chart View Markets View Historical Data
9,10,XPY PayCoin,XPY,"$8,837,404",$0.639979,13808892,"$64,217",-2.41%,-14.48%,-29.38%,Add to Watchlist Remove from Watchlist Watchlist full! View Chart View Markets View Historical Data
10,11,PPC Peercoin,PPC,"$8,713,434",$0.393595,22138048,"$43,587",0.10%,-3.01%,1.85%,Add to Watchlist Remove from Watchlist Watchlist full! View Chart View Markets View Historical Data
11,12,NMC Namecoin,NMC,"$5,375,613",$0.486263,11054950,"$10,721",-0.45%,-3.54%,-0.84%,Add to Watchlist Remove from Watchlist Watchlist full! View Chart View Markets View Historical Data
12,13,BANX Banx,BANX,"$4,446,093",$1.23,"3,600,882 *","$4,630",0.05%,-0.67%,-10.71%,Add to Watchlist Remove from Watchlist Watchlist full! View Chart View Markets View Historical Data
13,14,XCP Counterparty,XCP,"$3,737,979",$1.41,"2,646,359 *","$1,024",0.06%,-2.56%,19.73%,Add to Watchlist Remove from Watchlist Watchlist full! View Chart View Markets View Historical Data
14,15,NSR NuShares,NSR,"$3,345,470",$0.004710,"710,228,909 *","$1,171",-0.81%,-10.09%,1.56%,Add to Watchlist Remove from Watchlist Watchlist full! View Chart View Markets View Historical Data
15,16,XMR Monero,XMR,"$3,200,806",$0.484062,6612387,"$39,107",2.11%,3.27%,16.72%,Add to Watchlist Remove from Watchlist Watchlist full! View Chart View Markets View Historical Data
16,17,YBC YbCoin,YBC,"$2,739,582",$0.913194,"3,000,000 *","$24,209",-1.05%,-3.26%,-0.10%,Add to Watchlist Remove from Watchlist Watchlist full! View Chart View Markets View Historical Data
17,18,MONA MonaCoin,MONA,"$2,721,921",$0.157806,17248550,"$9,777",10.70%,17.29%,46.92%,Add to Watchlist Remove from Watchlist Watchlist full! View Chart View Markets View Historical Data
18,19,UNITY SuperNET,UNITY,"$2,669,355",$3.27,"816,061 *","$3,169",-2.63%,0.99%,-4.62%,Add to Watchlist Remove from Watchlist Watchlist full! View Chart View Markets View Historical Data
19,20,USNBT NuBits,USNBT,"$2,280,787",$1.00,"2,273,978 *","$3,031",0.04%,0.70%,-0.15%,Add to Watchlist Remove from Watchlist Watchlist full! View Chart View Markets View Historical Data
20,21,BCN Bytecoin,BCN,"$1,870,692",$0.000011,170455028444,"$2,077",0.05%,3.45%,13.82%,Add to Watchlist Remove from Watchlist Watchlist full! View Chart View Markets View Historical Data
21,22,NOTE DNotes,NOTE,"$1,459,040",$0.015039,97019674,"$3,778",4.35%,-0.89%,-8.20%,Add to Watchlist Remove from Watchlist Watchlist full! View Chart View Markets View Historical Data
22,23,FC2 FuelCoin,FC2,"$1,420,311",$0.014174,100206032,$958,0.05%,-9.09%,-5.39%,Add to Watchlist Remove from Watchlist Watchlist full! View Chart View Markets View Historical Data
23,24,BLK BlackCoin,BLK,"$1,227,866",$0.016419,"74,781,409 *","$8,356",-0.90%,-2.00%,-3.33%,Add to Watchlist Remove from Watchlist Watchlist full! View Chart View Markets View Historical Data
24,25,BTCD BitcoinDark,BTCD,"$1,207,513",$0.999861,1207681,"$2,158",2.39%,-0.49%,-0.45%,Add to Watchlist Remove from Watchlist Watchlist full! View Chart View Markets View Historical Data
25,26,XDN DigitalNote,XDN,"$1,070,179",$0.000157,6829850024,"$9,513",-2.61%,-22.10%,5.40%,Add to Watchlist Remove from Watchlist Watchlist full! View Chart View Markets View Historical Data
26,27,CLAM Clams,CLAM,"$895,142",$1.57,"571,788 *","$7,918",-3.32%,-10.41%,-3.83%,Add to Watchlist Remove from Watchlist Watchlist full! View Chart View Markets View Historical Data
27,28,SJCX Storjcoin X,SJCX,"$779,964",$0.018810,"41,464,404 *","$3,196",0.66%,-13.53%,-18.71%,Add to Watchlist Remove from Watchlist Watchlist full! View Chart View Markets View Historical Data
28,29,NXTV NXTventure,NXTV,"$758,048",$0.758048,"1,000,000 *",$559,-0.99%,-1.80%,14.34%,Add to Watchlist Remove from Watchlist Watchlist full! View Chart View Markets View Historical Data
29,30,CELL SolarFarm,CELL,"$738,836",$0.012788,"57,774,924 *","$1,105",0.60%,13.10%,34.19%,Add to Watchlist Remove from Watchlist Watchlist full! View Chart View Markets View Historical Data
30,31,ARCH ARCHcoin,ARCH,"$738,425",$0.045302,"16,299,921 *","$2,010",1.35%,0.60%,60.74%,Add to Watchlist Remove from Watchlist Watchlist full! View Chart View Markets View Historical Data
31,32,NVC Novacoin,NVC,"$703,029",$0.709403,991015,"$6,708",2.79%,3.13%,2.51%,Add to Watchlist Remove from Watchlist Watchlist full! View Chart View Markets View Historical Data
32,33,UNO Unobtanium,UNO,"$691,704",$3.57,193979,"$1,516",0.27%,0.13%,-11.46%,Add to Watchlist Remove from Watchlist Watchlist full! View Chart View Markets View Historical Data
33,34,NAV NavCoin,NAV,"$636,999",$0.010978,"58,024,755 *","$11,770",1.74%,-5.77%,41.02%,Add to Watchlist Remove from Watchlist Watchlist full! View Chart View Markets View Historical Data
34,35,DGB DigiByte,DGB,"$586,049",$0.000157,3721913704,"$2,405",1.67%,12.61%,26.01%,Add to Watchlist Remove from Watchlist Watchlist full! View Chart View Markets View Historical Data
35,36,BLOCK Blocknet,BLOCK,"$584,590",$0.058386,"10,012,482 *",$603,2.47%,-2.98%,81.06%,Add to Watchlist Remove from Watchlist Watchlist full! View Chart View Markets View Historical Data
36,37,RDD ReddCoin,RDD,"$524,019",$0.000019,"27,452,444,180 *","$2,614",12.42%,-6.19%,0.08%,Add to Watchlist Remove from Watchlist Watchlist full! View Chart View Markets View Historical Data
37,38,QRK Quark,QRK,"$518,729",$0.002085,248732707,"$2,838",0.02%,-0.83%,-7.84%,Add to Watchlist Remove from Watchlist Watchlist full! View Chart View Markets View Historical Data
38,39,JINN Jinn,JINN,"$500,598",$5.01,"100,000 *",$651,-0.99%,4.58%,26.31%,Add to Watchlist Remove from Watchlist Watchlist full! View Chart View Markets View Historical Data
39,40,BITUSD bitUSD,BITUSD,"$466,359",$0.981676,"475,064 *","$4,666",0.03%,-5.01%,-3.35%,Add to Watchlist Remove from Watchlist Watchlist full! View Chart View Markets View Historical Data
40,41,VRC VeriCoin,VRC,"$409,394",$0.015161,27003427,"$91,233",-0.38%,9.73%,32.93%,Add to Watchlist Remove from Watchlist Watchlist full! View Chart View Markets View Historical Data
41,42,WDC WorldCoin,WDC,"$334,333",$0.004435,75393290,"$2,929",0.25%,2.80%,5.17%,Add to Watchlist Remove from Watchlist Watchlist full! View Chart View Markets View Historical Data
42,43,MEC Megacoin,MEC,"$307,369",$0.011077,27748750,"$1,700",-0.70%,-3.73%,-8.46%,Add to Watchlist Remove from Watchlist Watchlist full! View Chart View Markets View Historical Data
43,44,BURST Burst,BURST,"$286,145",$0.000443,646409000,"$1,345",0.40%,-1.83%,1.45%,Add to Watchlist Remove from Watchlist Watchlist full! View Chart View Markets View Historical Data
44,45,POT PotCoin,POT,"$285,819",$0.001519,188111550,"$2,820",-1.29%,-3.27%,9.89%,Add to Watchlist Remove from Watchlist Watchlist full! View Chart View Markets View Historical Data
45,46,START Startcoin,START,"$285,577",$0.017212,16591998,"$7,028",-0.14%,19.32%,12.83%,Add to Watchlist Remove from Watchlist Watchlist full! View Chart View Markets View Historical Data
46,47,XC XCurrency,XC,"$284,055",$0.050866,"5,584,422 *",$659,-0.10%,5.98%,6.89%,Add to Watchlist Remove from Watchlist Watchlist full! View Chart View Markets View Historical Data
47,48,HZ Horizon,HZ,"$242,043",$0.000473,"511,575,214 *","$2,529",1.66%,12.63%,30.78%,Add to Watchlist Remove from Watchlist Watchlist full! View Chart View Markets View Historical Data
48,49,NLG Gulden,NLG,"$241,417",$0.001100,219446501,"$1,552",2.04%,1.30%,-11.01%,Add to Watchlist Remove from Watchlist Watchlist full! View Chart View Markets View Historical Data
49,50,NET NetCoin,NET,"$227,017",$0.000606,374515730,$884,0.13%,-9.35%,-19.70%,Add to Watchlist Remove from Watchlist Watchlist full! View Chart View Markets View Historical Data
50,51,BILS BilShares,BILS,"$224,273",$0.000224,"1,000,000,000 *","$2,247",0.00%,-0.01%,-5.76%,Add to Watchlist Remove from Watchlist Watchlist full! View Chart View Markets View Historical Data
51,52,ANC Anoncoin,ANC,"$221,442",$0.137085,1615367,"$1,229",-1.95%,-4.10%,5.76%,Add to Watchlist Remove from Watchlist Watchlist full! View Chart View Markets View Historical Data
52,53,VIA Viacoin,VIA,"$217,051",$0.015813,13726180,"$3,632",11.44%,0.97%,-23.48%,Add to Watchlist Remove from Watchlist Watchlist full! View Chart View Markets View Historical Data
53,54,MRKT FreeMarket,MRKT,"$206,063",$0.286199,"720,000 *",$501,-0.99%,-0.42%,?,Add to Watchlist Remove from Watchlist Watchlist full! View Chart View Markets View Historical Data
54,55,BAY BitBay,BAY,"$170,175",$0.000170,"1,000,444,746 *",$583,5.15%,4.36%,29.81%,Add to Watchlist Remove from Watchlist Watchlist full! View Chart View Markets View Historical Data
55,56,MAZA MAZA,MAZA,"$167,082",$0.000250,667491100,"$1,172",1.70%,-19.75%,-8.40%,Add to Watchlist Remove from Watchlist Watchlist full! View Chart View Markets View Historical Data
56,57,FIBRE Fibre,FIBRE,"$155,123",$0.246646,"628,931 *","$12,259",-0.86%,29.14%,105.14%,Add to Watchlist Remove from Watchlist Watchlist full! View Chart View Markets View Historical Data
57,58,IOC I/O Coin,IOC,"$153,882",$0.009527,"16,151,894 *","$1,936",0.14%,62.86%,24.94%,Add to Watchlist Remove from Watchlist Watchlist full! View Chart View Markets View Historical Data
58,59,HYPER Hyper,HYPER,"$145,589",$0.037042,3930414,$760,-1.64%,-10.40%,10.17%,Add to Watchlist Remove from Watchlist Watchlist full! View Chart View Markets View Historical Data
59,60,XWC WhiteCoin,XWC,"$140,484",$0.000461,"304,761,574 *",$527,0.06%,3.35%,15.93%,Add to Watchlist Remove from Watchlist Watchlist full! View Chart View Markets View Historical Data
60,61,BITCNY bitCNY,BITCNY,"$125,588",$0.157389,"797,948 *","$3,834",0.18%,-2.38%,-1.85%,Add to Watchlist Remove from Watchlist Watchlist full! View Chart View Markets View Historical Data
61,62,SYS Syscoin,SYS,"$120,715",$0.000299,403756711,"$4,304",0.10%,-8.33%,14.12%,Add to Watchlist Remove from Watchlist Watchlist full! View Chart View Markets View Historical Data
62,63,XAI Sapience AIFX,XAI,"$115,491",$0.173389,"666,078 *","$4,923",0.04%,6.95%,0.12%,Add to Watchlist Remove from Watchlist Watchlist full! View Chart View Markets View Historical Data
63,64,XBS BitStake,XBS,"$110,393",$0.085043,"1,298,090 *",$921,-0.73%,-10.81%,-1.05%,Add to Watchlist Remove from Watchlist Watchlist full! View Chart View Markets View Historical Data
64,65,XVG Verge,XVG,"$97,764",$0.000013,7424400000,"$1,520",-0.25%,-3.38%,-25.03%,Add to Watchlist Remove from Watchlist Watchlist full! View Chart View Markets View Historical Data
65,66,XVC Vcash,XVC,"$91,285",$0.016689,5469655,"$5,416",1.84%,25.19%,?,Add to Watchlist Remove from Watchlist Watchlist full! View Chart View Markets View Historical Data
66,67,NOBL NobleCoin,NOBL,"$78,836",$0.000033,2401526841,"$1,208",0.06%,7.26%,-0.04%,Add to Watchlist Remove from Watchlist Watchlist full! View Chart View Markets View Historical Data
67,68,HTML5 HTML5COIN,HTML5,"$76,276",$0.000002,40659020000,"$1,114",-13.59%,4.93%,0.49%,Add to Watchlist Remove from Watchlist Watchlist full! View Chart View Markets View Historical Data
68,69,RBY Rubycoin,RBY,"$70,291",$0.003191,"22,026,538 *","$2,289",0.01%,-28.97%,137.51%,Add to Watchlist Remove from Watchlist Watchlist full! View Chart View Markets View Historical Data
69,70,TAG TagCoin,TAG,"$40,534",$0.014502,2795060,$639,-0.01%,5.91%,15.33%,Add to Watchlist Remove from Watchlist Watchlist full! View Chart View Markets View Historical Data
70,71,BITB Bean Cash,BITB,"$38,655",$0.000061,634579000,"$1,568",-3.42%,-1.40%,-21.70%,Add to Watchlist Remove from Watchlist Watchlist full! View Chart View Markets View Historical Data
71,72,BYC Bytecent,BYC,"$35,212",$0.089000,395635,"$3,832",0.89%,10.33%,30.85%,Add to Watchlist Remove from Watchlist Watchlist full! View Chart View Markets View Historical Data
72,73,ORB Orbitcoin,ORB,"$34,756",$0.018185,1911251,"$1,228",2.13%,-0.99%,2.18%,Add to Watchlist Remove from Watchlist Watchlist full! View Chart View Markets View Historical Data
73,74,BALLS Snowballs,BALLS,"$22,962",$0.000030,"760,873,706 *","$1,001",-9.91%,-26.05%,-82.20%,Add to Watchlist Remove from Watchlist Watchlist full! View Chart View Markets View Historical Data
74,75,BITGOLD bitGold,BITGOLD,"$21,898",$1202.98,18.203512 *,"$4,876",0.03%,?,-9.44%,Add to Watchlist Remove from Watchlist Watchlist full! View Chart View Markets View Historical Data
75,76,BITBTC bitBTC,BITBTC,"$21,354",$290.55,73.494489 *,"$6,198",0.04%,?,14.52%,Add to Watchlist Remove from Watchlist Watchlist full! View Chart View Markets View Historical Data
76,77,MMXIV Maieuticoin,MMXIV,"$18,001",$0.163414,110153,"$1,143",-5.97%,-42.08%,-41.59%,Add to Watchlist Remove from Watchlist Watchlist full! View Chart View Markets View Historical Data
77,78,LEAF LeafCoin,LEAF,"$17,108",$0.000001,15322977853,$657,-13.86%,37.13%,-51.60%,Add to Watchlist Remove from Watchlist Watchlist full! View Chart View Markets View Historical Data
78,79,XXX XxXcoin,XXX,"$17,077",$0.000466,"36,610,147 *",$762,0.75%,162.44%,137.81%,Add to Watchlist Remove from Watchlist Watchlist full! View Chart View Markets View Historical Data
79,80,XCO X-Coin,XCO,"$14,687",$0.001624,"9,043,403 *","$4,779",13.55%,38.62%,?,Add to Watchlist Remove from Watchlist Watchlist full! View Chart View Markets View Historical Data
80,81,10K  Experiment 10k,10K,"$13,853",$0.000165,"84,186,787 *",$776,-10.17%,10.03%,-85.59%,Add to Watchlist Remove from Watchlist Watchlist full! View Chart View Markets View Historical Data
81,82,BEAR  BearMining,BEAR,"$12,873",$0.002575,"5,000,000 *",$515,-0.99%,-0.47%,115.79%,Add to Watchlist Remove from Watchlist Watchlist full! View Chart View Markets View Historical Data
82,83,MTR MasterTraderCoin,MTR,"$12,562",$0.114239,"109,965 *","$1,979",0.27%,-58.21%,?,Add to Watchlist Remove from Watchlist Watchlist full! View Chart View Markets View Historical Data
83,84,ILT Intellect,ILT,"$11,254",$0.011279,"997,735 *","$2,380",0.35%,-12.90%,?,Add to Watchlist Remove from Watchlist Watchlist full! View Chart View Markets View Historical Data
84,85,BSTY  GlobalBoost-Y,BSTY,"$7,279",$0.001141,6376674,"$1,790",-0.91%,-25.01%,21.08%,Add to Watchlist Remove from Watchlist Watchlist full! View Chart View Markets View Historical Data
85,86,CON  PayCon,CON,"$6,498",$0.001646,"3,947,295 *",$618,0.04%,-41.71%,2.88%,Add to Watchlist Remove from Watchlist Watchlist full! View Chart View Markets View Historical Data
86,87,RISK  RiskCoin,RISK,"$4,497",$0.038455,116947,"$1,188",-26.12%,-64.31%,-20.95%,Add to Watchlist Remove from Watchlist Watchlist full! View Chart View Markets View Historical Data
87,88,SHIBE  ShibeCoin,SHIBE,"$3,344",$0.000011,"304,683,646 *",$846,0.06%,?,111.33%,Add to Watchlist Remove from Watchlist Watchlist full! View Chart View Markets View Historical Data
88,89,OMNI Omni,OMNI,"$1,766,195",$3.28,"537,718 *",Low Vol,0.46%,15.14%,23.43%,Add to Watchlist Remove from Watchlist Watchlist full! View Chart View Markets View Historical Data
89,90,GEMZ GetGems,GEMZ,"$1,321,035",$0.014989,"88,135,367 *",Low Vol,-4.14%,2.52%,1.51%,Add to Watchlist Remove from Watchlist Watchlist full! View Chart View Markets View Historical Data
90,91,SWARM Swarm,SWARM,"$1,158,710",$0.011593,"99,945,431 *",Low Vol,0.06%,-4.63%,-4.47%,Add to Watchlist Remove from Watchlist Watchlist full! View Chart View Markets View Historical Data
91,92,DEX InstantDEX,DEX,"$1,146,798",$1.15,"1,000,000 *",Low Vol,-0.99%,-9.21%,7.32%,Add to Watchlist Remove from Watchlist Watchlist full! View Chart View Markets View Historical Data
92,93,XUSD CoinoUSD,XUSD,"$1,146,567",$0.971303,"1,180,442 *",Low Vol,-3.94%,-6.64%,-3.61%,Add to Watchlist Remove from Watchlist Watchlist full! View Chart View Markets View Historical Data
93,94,XTC TileCoin,XTC,"$1,057,909",$0.010579,"100,000,000 *",Low Vol,0.03%,61.87%,79.83%,Add to Watchlist Remove from Watchlist Watchlist full! View Chart View Markets View Historical Data
94,95,ETC Ethercoin,ETC,"$956,850",$0.956850,"1,000,000 *",Low Vol,0.06%,8.55%,90.02%,Add to Watchlist Remove from Watchlist Watchlist full! View Chart View Markets View Historical Data
95,96,RBT Rimbit,RBT,"$650,553",$0.005808,"112,014,632 *",Low Vol,0.00%,30.21%,-86.87%,Add to Watchlist Remove from Watchlist Watchlist full! View Chart View Markets View Historical Data
96,97,NODE Node,NODE,"$546,022",$0.000546,"1,000,000,000 *",Low Vol,0.06%,229.44%,9.36%,Add to Watchlist Remove from Watchlist Watchlist full! View Chart View Markets View Historical Data
97,98,GRCX Gridcoin Classic,GRCX,"$530,476",$0.015747,33686905,Low Vol,0.06%,28.16%,-30.12%,Add to Watchlist Remove from Watchlist Watchlist full! View Chart View Markets View Historical Data
98,99,IXC Ixcoin,IXC,"$518,466",$0.024689,"20,999,906 *",Low Vol,-1.62%,-1.88%,6.03%,Add to Watchlist Remove from Watchlist Watchlist full! View Chart View Markets View Historical Data
99,100,IFC Infinitecoin,IFC,"$513,514",$0.000006,90596232567,Low Vol,0.51%,-4.71%,-14.98%,Add to Watchlist Remove from Watchlist Watchlist full! View Chart View Markets View Historical Data
100,101,PANGEA  Pangea Poker,PANGEA,"$470,257",$0.470562,"999,352 *",Low Vol,-0.99%,-0.47%,2.42%,Add to Watchlist Remove from Watchlist Watchlist full! View Chart View Markets View Historical Data
101,102,SKYNET SkyNET,SKYNET,"$406,718",$0.454829,"894,223 *",Low Vol,-0.99%,2.00%,36.23%,Add to Watchlist Remove from Watchlist Watchlist full! View Chart View Markets View Historical Data
102,103,MINT MintCoin,MINT,"$396,205",$0.000019,"20,788,564,667 *",Low Vol,-12.25%,-15.47%,13.21%,Add to Watchlist Remove from Watchlist Watchlist full! View Chart View Markets View Historical Data
103,104,I0C I0Coin,I0C,"$369,923",$0.017830,20747321,Low Vol,0.05%,-1.57%,4.33%,Add to Watchlist Remove from Watchlist Watchlist full! View Chart View Markets View Historical Data
104,105,JLH jl777hodl,JLH,"$359,000",$0.035900,"10,000,000 *",Low Vol,-0.99%,-2.31%,8.76%,Add to Watchlist Remove from Watchlist Watchlist full! View Chart View Markets View Historical Data
105,106,PTS BitShares PTS,PTS,"$348,466",$0.000348,"999,999,386 *",Low Vol,0.05%,-15.46%,-4.20%,Add to Watchlist Remove from Watchlist Watchlist full! View Chart View Markets View Historical Data
106,107,XPM Primecoin,XPM,"$338,252",$0.036833,9183446,Low Vol,-0.01%,-1.18%,-2.69%,Add to Watchlist Remove from Watchlist Watchlist full! View Chart View Markets View Historical Data
107,108,FAIR FairCoin,FAIR,"$329,209",$0.006393,"51,494,237 *",Low Vol,0.11%,31.82%,20.26%,Add to Watchlist Remove from Watchlist Watchlist full! View Chart View Markets View Historical Data
108,109,CURE Curecoin,CURE,"$313,854",$0.012481,25146767,Low Vol,0.30%,-13.53%,0.83%,Add to Watchlist Remove from Watchlist Watchlist full! View Chart View Markets View Historical Data
109,110,SDC ShadowCash,SDC,"$304,440",$0.047094,"6,464,552 *",Low Vol,-0.44%,-1.31%,10.16%,Add to Watchlist Remove from Watchlist Watchlist full! View Chart View Markets View Historical Data
110,111,GSX GlowShares,GSX,"$279,347",$0.828494,"337,174 *",Low Vol,0.03%,-26.93%,-22.84%,Add to Watchlist Remove from Watchlist Watchlist full! View Chart View Markets View Historical Data
111,112,NXTcoinsco Tradebots,NXTcoinsco,"$256,318",$0.258881,"990,100 *",Low Vol,-0.99%,-27.65%,-5.92%,Add to Watchlist Remove from Watchlist Watchlist full! View Chart View Markets View Historical Data
112,113,DICE NeoDICE,DICE,"$255,733",$0.255733,"1,000,000 *",Low Vol,-0.99%,-0.47%,4.28%,Add to Watchlist Remove from Watchlist Watchlist full! View Chart View Markets View Historical Data
113,114,MAX Maxcoin,MAX,"$252,769",$0.006332,39917355,Low Vol,-0.01%,-6.00%,-12.96%,Add to Watchlist Remove from Watchlist Watchlist full! View Chart View Markets View Historical Data
114,115,USDT Tether,USDT,"$251,600",$1.00,"251,600 *",Low Vol,0.00%,0.00%,75.28%,Add to Watchlist Remove from Watchlist Watchlist full! View Chart View Markets View Historical Data
115,116,URO Uro,URO,"$232,373",$0.224744,1033942,Low Vol,0.04%,-3.93%,6.25%,Add to Watchlist Remove from Watchlist Watchlist full! View Chart View Markets View Historical Data
116,117,CNMT Coinomat,CNMT,"$226,428",$0.075476,"3,000,000 *",Low Vol,-0.99%,5.04%,7.43%,Add to Watchlist Remove from Watchlist Watchlist full! View Chart View Markets View Historical Data
117,118,FTC Feathercoin,FTC,"$221,115",$0.003039,72761280,Low Vol,0.12%,-5.64%,-8.26%,Add to Watchlist Remove from Watchlist Watchlist full! View Chart View Markets View Historical Data
118,119,CANN CannabisCoin,CANN,"$218,046",$0.002894,75353772,Low Vol,0.38%,0.44%,7.83%,Add to Watchlist Remove from Watchlist Watchlist full! View Chart View Markets View Historical Data
119,120,NXTprivacy NXTprivacy,NXTprivacy,"$217,403",$0.217403,"1,000,000 *",Low Vol,-0.99%,?,?,Add to Watchlist Remove from Watchlist Watchlist full! View Chart View Markets View Historical Data
120,121,NXTTY Nxttycoin,NXTTY,"$178,470",$0.000178,"1,000,000,000 *",Low Vol,-0.99%,-3.18%,-19.71%,Add to Watchlist Remove from Watchlist Watchlist full! View Chart View Markets View Historical Data
121,122,XCR Crypti,XCR,"$178,358",$0.001784,"100,000,000 *",Low Vol,0.06%,-3.46%,-0.48%,Add to Watchlist Remove from Watchlist Watchlist full! View Chart View Markets View Historical Data
122,123,LQD LIQUID,LQD,"$170,203",$1.70,"100,000 *",Low Vol,-0.99%,7.57%,3.46%,Add to Watchlist Remove from Watchlist Watchlist full! View Chart View Markets View Historical Data
123,124,VTC Vertcoin,VTC,"$169,386",$0.013137,12893500,Low Vol,0.12%,-17.09%,-2.29%,Add to Watchlist Remove from Watchlist Watchlist full! View Chart View Markets View Historical Data
124,125,XST Stealth,XST,"$166,691",$0.007697,21657397,Low Vol,0.06%,-0.27%,16.07%,Add to Watchlist Remove from Watchlist Watchlist full! View Chart View Markets View Historical Data
125,126,APC Applecoin,APC,"$164,225",$0.007369,"22,286,031 *",Low Vol,0.00%,2.21%,-1.88%,Add to Watchlist Remove from Watchlist Watchlist full! View Chart View Markets View Historical Data
126,127,ZET Zetacoin,ZET,"$162,046",$0.001001,161876341,Low Vol,7.06%,-1.19%,-3.46%,Add to Watchlist Remove from Watchlist Watchlist full! View Chart View Markets View Historical Data
127,128,COVAL Circuits of V...,COVAL,"$158,750",$0.000397,"400,000,000 *",Low Vol,0.04%,-9.77%,82.28%,Add to Watchlist Remove from Watchlist Watchlist full! View Chart View Markets View Historical Data
128,129,GLC GoldCoin,GLC,"$156,137",$0.004567,34188420,Low Vol,0.11%,-6.21%,-11.26%,Add to Watchlist Remove from Watchlist Watchlist full! View Chart View Markets View Historical Data
129,130,BITS Bitswift,BITS,"$155,938",$0.038790,"4,020,048 *",Low Vol,-0.07%,-5.71%,13.74%,Add to Watchlist Remove from Watchlist Watchlist full! View Chart View Markets View Historical Data
130,131,ATOMIC ATOMIC,ATOMIC,"$147,448",$0.241717,"610,000 *",Low Vol,-0.99%,?,17.64%,Add to Watchlist Remove from Watchlist Watchlist full! View Chart View Markets View Historical Data
131,132,SLR SolarCoin,SLR,"$145,480",$0.004329,"33,607,037 *",Low Vol,-2.80%,-9.78%,-0.62%,Add to Watchlist Remove from Watchlist Watchlist full! View Chart View Markets View Historical Data
132,133,DGC Digitalcoin,DGC,"$143,020",$0.006921,20665363,Low Vol,-0.38%,-6.90%,5.34%,Add to Watchlist Remove from Watchlist Watchlist full! View Chart View Markets View Historical Data
133,134,DMD Diamond,DMD,"$139,742",$0.150609,927846,Low Vol,-0.24%,-4.30%,3.26%,Add to Watchlist Remove from Watchlist Watchlist full! View Chart View Markets View Historical Data
134,135,SMLY SmileyCoin,SMLY,"$134,261",$0.000005,24468510000,Low Vol,0.04%,98.63%,114.23%,Add to Watchlist Remove from Watchlist Watchlist full! View Chart View Markets View Historical Data
135,136,Privatebet Privatebet,Privatebet,"$133,039",$0.332598,"400,000 *",Low Vol,-1.14%,4.58%,41.59%,Add to Watchlist Remove from Watchlist Watchlist full! View Chart View Markets View Historical Data
136,137,ZEIT Zeitcoin,ZEIT,"$127,471",$0.000004,30631470397,Low Vol,0.41%,3.00%,-9.99%,Add to Watchlist Remove from Watchlist Watchlist full! View Chart View Markets View Historical Data
137,138,OPAL Opal,OPAL,"$125,772",$0.008369,"15,028,788 *",Low Vol,-0.88%,-1.92%,10.36%,Add to Watchlist Remove from Watchlist Watchlist full! View Chart View Markets View Historical Data
138,139,SYNC Sync,SYNC,"$122,849",$104.63,"1,174 *",Low Vol,0.06%,-0.80%,56.81%,Add to Watchlist Remove from Watchlist Watchlist full! View Chart View Markets View Historical Data
139,140,VASH VPNCoin,VASH,"$117,478",$0.000294,"400,186,428 *",Low Vol,0.03%,-9.17%,2.83%,Add to Watchlist Remove from Watchlist Watchlist full! View Chart View Markets View Historical Data
140,141,DEM Deutsche eMark,DEM,"$115,310",$0.007117,16201478,Low Vol,0.06%,24.24%,0.08%,Add to Watchlist Remove from Watchlist Watchlist full! View Chart View Markets View Historical Data
141,142,MMNXT MMNXT,MMNXT,"$111,405",$0.014989,"7,432,266 *",Low Vol,-0.99%,-0.14%,10.28%,Add to Watchlist Remove from Watchlist Watchlist full! View Chart View Markets View Historical Data
142,143,DVC Devcoin,DVC,"$110,660",$0.000013,8821457500,Low Vol,0.18%,-8.95%,3.63%,Add to Watchlist Remove from Watchlist Watchlist full! View Chart View Markets View Historical Data
143,144,EAC EarthCoin,EAC,"$102,830",$0.000015,6861249076,Low Vol,0.32%,19.60%,5.46%,Add to Watchlist Remove from Watchlist Watchlist full! View Chart View Markets View Historical Data
144,145,MTC Marinecoin,MTC,"$100,309",$0.013738,7301353,Low Vol,0.06%,-0.67%,7.25%,Add to Watchlist Remove from Watchlist Watchlist full! View Chart View Markets View Historical Data
145,146,BOST BoostCoin,BOST,"$95,970",$0.008179,11734255,Low Vol,-0.04%,-5.47%,-10.82%,Add to Watchlist Remove from Watchlist Watchlist full! View Chart View Markets View Historical Data
146,147,XDP Dogeparty,XDP,"$95,776",$0.035744,"2,679,521 *",Low Vol,-0.33%,-25.01%,-32.23%,Add to Watchlist Remove from Watchlist Watchlist full! View Chart View Markets View Historical Data
147,148,AM AeroMe,AM,"$92,399",$0.007683,"12,026,805 *",Low Vol,0.06%,-9.94%,-1.17%,Add to Watchlist Remove from Watchlist Watchlist full! View Chart View Markets View Historical Data
148,149,MOON Mooncoin,MOON,"$89,240",$4.4e-07,200764715231,Low Vol,2.57%,-0.60%,0.74%,Add to Watchlist Remove from Watchlist Watchlist full! View Chart View Markets View Historical Data
149,150,PND Pandacoin,PND,"$88,577",$0.000003,32450048994,Low Vol,-37.70%,-34.95%,-10.84%,Add to Watchlist Remove from Watchlist Watchlist full! View Chart View Markets View Historical Data
150,151,MGW MGW,MGW,"$87,962",$0.087962,"1,000,000 *",Low Vol,-0.99%,-0.47%,14.68%,Add to Watchlist Remove from Watchlist Watchlist full! View Chart View Markets View Historical Data
151,152,HBN HoboNickels,HBN,"$82,751",$0.008685,9528251,Low Vol,0.04%,-0.07%,-0.19%,Add to Watchlist Remove from Watchlist Watchlist full! View Chart View Markets View Historical Data
152,153,NAS Nas,NAS,"$82,315",$0.000008,"10,000,000,000 *",Low Vol,0.06%,-0.67%,43.15%,Add to Watchlist Remove from Watchlist Watchlist full! View Chart View Markets View Historical Data
153,154,NAUT NautilusCoin,NAUT,"$81,462",$0.015342,"5,309,550 *",Low Vol,0.08%,8.30%,-11.84%,Add to Watchlist Remove from Watchlist Watchlist full! View Chart View Markets View Historical Data
154,155,BTM Bitmark,BTM,"$80,450",$0.086347,931700,Low Vol,0.06%,0.61%,-15.38%,Add to Watchlist Remove from Watchlist Watchlist full! View Chart View Markets View Historical Data
155,156,HYP HyperStake,HYP,"$80,075",$0.000594,"134,848,240 *",Low Vol,0.01%,-2.42%,-6.17%,Add to Watchlist Remove from Watchlist Watchlist full! View Chart View Markets View Historical Data
156,157,XMY Myriad,XMY,"$79,385",$0.000080,997666500,Low Vol,0.06%,-3.47%,5.08%,Add to Watchlist Remove from Watchlist Watchlist full! View Chart View Markets View Historical Data
157,158,CBX Bullion,CBX,"$78,443",$0.081851,958362,Low Vol,0.05%,-1.76%,-8.63%,Add to Watchlist Remove from Watchlist Watchlist full! View Chart View Markets View Historical Data
158,159,TRUST TrustPlus,TRUST,"$78,342",$0.002508,"31,238,694 *",Low Vol,0.06%,-10.89%,-18.10%,Add to Watchlist Remove from Watchlist Watchlist full! View Chart View Markets View Historical Data
159,160,BBR Boolberry,BBR,"$72,321",$0.021775,3321262,Low Vol,0.06%,-3.56%,-9.49%,Add to Watchlist Remove from Watchlist Watchlist full! View Chart View Markets View Historical Data
160,161,AC AsiaCoin,AC,"$70,705",$0.000288,245414715,Low Vol,-2.72%,-0.20%,6.11%,Add to Watchlist Remove from Watchlist Watchlist full! View Chart View Markets View Historical Data
161,162,FRC Freicoin,FRC,"$69,331",$0.001508,45962594,Low Vol,0.04%,-2.25%,1.85%,Add to Watchlist Remove from Watchlist Watchlist full! View Chart View Markets View Historical Data
162,163,WATER CleanWaterCoin,WATER,"$68,283",$0.000123,555713319,Low Vol,-0.25%,-11.55%,?,Add to Watchlist Remove from Watchlist Watchlist full! View Chart View Markets View Historical Data
163,164,FLAP FlappyCoin,FLAP,"$65,917",$9.4e-07,69864678452,Low Vol,7.49%,8.01%,5.96%,Add to Watchlist Remove from Watchlist Watchlist full! View Chart View Markets View Historical Data
164,165,USDE USDe,USDE,"$65,602",$0.000069,956351793,Low Vol,-6.37%,-6.05%,-7.94%,Add to Watchlist Remove from Watchlist Watchlist full! View Chart View Markets View Historical Data
165,166,ZCC ZcCoin,ZCC,"$64,825",$0.003736,17352849,Low Vol,0.00%,1.35%,0.20%,Add to Watchlist Remove from Watchlist Watchlist full! View Chart View Markets View Historical Data
166,167,FLT FlutterCoin,FLT,"$63,055",$0.000253,249107558,Low Vol,0.06%,-2.78%,5.26%,Add to Watchlist Remove from Watchlist Watchlist full! View Chart View Markets View Historical Data
167,168,JPC JackpotCoin,JPC,"$62,545",$0.000011,5698682708,Low Vol,0.06%,-0.67%,-25.05%,Add to Watchlist Remove from Watchlist Watchlist full! View Chart View Markets View Historical Data
168,169,BLITZ Blitzcash,BLITZ,"$61,168",$0.016461,"3,715,882 *",Low Vol,0.06%,-21.12%,-32.48%,Add to Watchlist Remove from Watchlist Watchlist full! View Chart View Markets View Historical Data
169,170,RIN Ringo,RIN,"$59,867",$0.000626,95695834,Low Vol,-12.92%,-20.08%,24.66%,Add to Watchlist Remove from Watchlist Watchlist full! View Chart View Markets View Historical Data
170,171,DEBUNE DeBuNe,DEBUNE,"$59,519",$0.286056,"208,069 *",Low Vol,-0.99%,-16.68%,-12.99%,Add to Watchlist Remove from Watchlist Watchlist full! View Chart View Markets View Historical Data
171,172,UNB UnbreakableCoin,UNB,"$58,651",$0.026346,2226150,Low Vol,0.11%,8.39%,3.08%,Add to Watchlist Remove from Watchlist Watchlist full! View Chart View Markets View Historical Data
172,173,BLU BlueCoin,BLU,"$58,499",$0.000104,561057576,Low Vol,0.06%,0.57%,-4.22%,Add to Watchlist Remove from Watchlist Watchlist full! View Chart View Markets View Historical Data
173,174,UTC UltraCoin,UTC,"$56,732",$0.002079,27288275,Low Vol,0.06%,-1.04%,-42.79%,Add to Watchlist Remove from Watchlist Watchlist full! View Chart View Markets View Historical Data
174,175,LTBC LTBcoin,LTBC,"$55,924",$0.000214,"261,017,635 *",Low Vol,0.06%,-16.79%,-7.02%,Add to Watchlist Remove from Watchlist Watchlist full! View Chart View Markets View Historical Data
175,176,TEK TEKcoin,TEK,"$55,686",$0.007948,7006333,Low Vol,4.02%,11.05%,40.45%,Add to Watchlist Remove from Watchlist Watchlist full! View Chart View Markets View Historical Data
176,177,KARMA Karmacoin,KARMA,"$55,682",$8.5e-07,65462994065,Low Vol,0.38%,-11.00%,0.55%,Add to Watchlist Remove from Watchlist Watchlist full! View Chart View Markets View Historical Data
177,178,TRI Triangles,TRI,"$53,505",$1.08,49493,Low Vol,92.62%,-19.54%,71.02%,Add to Watchlist Remove from Watchlist Watchlist full! View Chart View Markets View Historical Data
178,179,DORCS Dorcs,DORCS,"$53,055",$0.135877,"390,466 *",Low Vol,-0.99%,?,46.85%,Add to Watchlist Remove from Watchlist Watchlist full! View Chart View Markets View Historical Data
179,180,RIC Riecoin,RIC,"$52,904",$0.004748,11142425,Low Vol,-2.33%,0.09%,6.02%,Add to Watchlist Remove from Watchlist Watchlist full! View Chart View Markets View Historical Data
180,181,BITS Bitstar,BITS,"$49,056",$0.002837,"17,290,596 *",Low Vol,0.06%,-0.96%,-10.13%,Add to Watchlist Remove from Watchlist Watchlist full! View Chart View Markets View Historical Data
181,182,PINK Pinkcoin,PINK,"$48,997",$0.000134,364429451,Low Vol,0.06%,-2.09%,-1.23%,Add to Watchlist Remove from Watchlist Watchlist full! View Chart View Markets View Historical Data
182,183,CLOAK CloakCoin,CLOAK,"$48,420",$0.010621,"4,558,826 *",Low Vol,0.06%,-1.62%,16.54%,Add to Watchlist Remove from Watchlist Watchlist full! View Chart View Markets View Historical Data
183,184,UNC UnionCoin,UNC,"$48,377",$0.005767,8388608,Low Vol,0.00%,-13.84%,28.67%,Add to Watchlist Remove from Watchlist Watchlist full! View Chart View Markets View Historical Data
184,185,COL Colossuscoin,COL,"$47,313",$1.5e-07,312889440517,Low Vol,0.29%,-40.22%,-27.79%,Add to Watchlist Remove from Watchlist Watchlist full! View Chart View Markets View Historical Data
185,186,NTR Neutrino,NTR,"$46,794",$0.000222,210545045,Low Vol,0.06%,-0.67%,6.17%,Add to Watchlist Remove from Watchlist Watchlist full! View Chart View Markets View Historical Data
186,187,MARYJ MaryJane,MARYJ,"$46,625",$0.003038,"15,347,514 *",Low Vol,0.15%,3.72%,-8.49%,Add to Watchlist Remove from Watchlist Watchlist full! View Chart View Markets View Historical Data
187,188,AUR Auroracoin,AUR,"$45,554",$0.018667,2440315,Low Vol,0.04%,-1.66%,3.50%,Add to Watchlist Remove from Watchlist Watchlist full! View Chart View Markets View Historical Data
188,189,CCN CannaCoin,CCN,"$43,448",$0.009375,4634237,Low Vol,3.90%,9.46%,-1.45%,Add to Watchlist Remove from Watchlist Watchlist full! View Chart View Markets View Historical Data
189,190,CESC CryptoEscudo,CESC,"$42,823",$0.000370,115773900,Low Vol,5.92%,4.41%,-11.02%,Add to Watchlist Remove from Watchlist Watchlist full! View Chart View Markets View Historical Data
190,191,UBQ  Ubiq,UBQ,"$42,243",$0.012610,3350120,Low Vol,1.28%,2.37%,12.90%,Add to Watchlist Remove from Watchlist Watchlist full! View Chart View Markets View Historical Data
191,192,CARBON Carboncoin,CARBON,"$41,663",$0.000003,15184214782,Low Vol,0.06%,-0.67%,7.16%,Add to Watchlist Remove from Watchlist Watchlist full! View Chart View Markets View Historical Data
192,193,SXC Sexcoin,SXC,"$40,807",$0.000436,93659551,Low Vol,0.54%,-6.07%,12.33%,Add to Watchlist Remove from Watchlist Watchlist full! View Chart View Markets View Historical Data
193,194,XQN Quotient,XQN,"$40,360",$0.004379,"9,217,398 *",Low Vol,0.03%,40.02%,3.28%,Add to Watchlist Remove from Watchlist Watchlist full! View Chart View Markets View Historical Data
194,195,EFL e-Gulden,EFL,"$40,315",$0.007534,5351088,Low Vol,0.08%,-13.21%,23.97%,Add to Watchlist Remove from Watchlist Watchlist full! View Chart View Markets View Historical Data
195,196,ABY ArtByte,ABY,"$39,709",$0.000093,429045650,Low Vol,0.06%,1.49%,0.68%,Add to Watchlist Remove from Watchlist Watchlist full! View Chart View Markets View Historical Data
196,197,EMC2  Einsteinium,EMC2,"$38,372",$0.000225,170591229,Low Vol,0.06%,-6.17%,-6.93%,Add to Watchlist Remove from Watchlist Watchlist full! View Chart View Markets View Historical Data
197,198,TIPS FedoraCoin,TIPS,"$37,139",$1.3e-07,280846322360,Low Vol,-3.39%,-1.62%,-22.19%,Add to Watchlist Remove from Watchlist Watchlist full! View Chart View Markets View Historical Data
198,199,LXC Librexcoin,LXC,"$35,751",$0.003664,9756061,Low Vol,0.06%,-8.53%,16.90%,Add to Watchlist Remove from Watchlist Watchlist full! View Chart View Markets View Historical Data
199,200,ECC ECC,ECC,"$34,981",$0.000002,"16,963,625,470 *",Low Vol,10.53%,9.64%,39.04%,Add to Watchlist Remove from Watchlist Watchlist full! View Chart View Markets View Historical Data
200,201,CCS CryptoCoins,CCS,"$34,964",$21.45,"1,630 *",Low Vol,-0.99%,?,-72.98%,Add to Watchlist Remove from Watchlist Watchlist full! View Chart View Markets View Historical Data
201,202,XWT World Trade F...,XWT,"$34,910",$0.003863,9037246,Low Vol,0.06%,-25.30%,35.33%,Add to Watchlist Remove from Watchlist Watchlist full! View Chart View Markets View Historical Data
202,203,CAP Bottlecaps,CAP,"$34,894",$0.002809,12420534,Low Vol,0.05%,-2.98%,2.98%,Add to Watchlist Remove from Watchlist Watchlist full! View Chart View Markets View Historical Data
203,204,SUPER SuperCoin,SUPER,"$34,812",$0.001380,25225689,Low Vol,0.34%,4.42%,29.93%,Add to Watchlist Remove from Watchlist Watchlist full! View Chart View Markets View Historical Data
204,205,CSC CasinoCoin,CSC,"$34,753",$0.001109,"31,351,385 *",Low Vol,-0.18%,-7.80%,1.42%,Add to Watchlist Remove from Watchlist Watchlist full! View Chart View Markets View Historical Data
205,206,MED Mediterranean...,MED,"$34,020",$0.001001,33987717,Low Vol,0.00%,4.39%,6.06%,Add to Watchlist Remove from Watchlist Watchlist full! View Chart View Markets View Historical Data
206,207,DIME Dimecoin,DIME,"$34,006",$1.1e-07,299580260352,Low Vol,20.47%,15.00%,0.77%,Add to Watchlist Remove from Watchlist Watchlist full! View Chart View Markets View Historical Data
207,208,FRSH FreshCoin,FRSH,"$33,377",$0.005073,6578930,Low Vol,?,?,?,Add to Watchlist Remove from Watchlist Watchlist full! View Chart View Markets View Historical Data
208,209,NYAN Nyancoin,NYAN,"$31,603",$0.000170,185741400,Low Vol,2.85%,-0.82%,2.71%,Add to Watchlist Remove from Watchlist Watchlist full! View Chart View Markets View Historical Data
209,210,GAIA GAIA,GAIA,"$30,747",$0.001276,"24,101,381 *",Low Vol,0.03%,13.80%,29.39%,Add to Watchlist Remove from Watchlist Watchlist full! View Chart View Markets View Historical Data
210,211,GAME  GameCredits,GAME,"$30,629",$0.000661,46320150,Low Vol,-0.28%,-13.62%,-39.34%,Add to Watchlist Remove from Watchlist Watchlist full! View Chart View Markets View Historical Data
211,212,CZC CzechCrownCoin,CZC,"$30,598",$0.007444,4110230,Low Vol,0.03%,-0.73%,189.92%,Add to Watchlist Remove from Watchlist Watchlist full! View Chart View Markets View Historical Data
212,213,SSD Sonic,SSD,"$30,465",$0.001397,"21,813,419 *",Low Vol,0.06%,10.08%,6.73%,Add to Watchlist Remove from Watchlist Watchlist full! View Chart View Markets View Historical Data
213,214,CZR Czarcoin,CZR,"$30,363",$0.067488,449902,Low Vol,0.04%,-0.68%,7.17%,Add to Watchlist Remove from Watchlist Watchlist full! View Chart View Markets View Historical Data
214,215,NOO NooCoin,NOO,"$30,338",$0.001213,"25,017,761 *",Low Vol,?,?,-19.02%,Add to Watchlist Remove from Watchlist Watchlist full! View Chart View Markets View Historical Data
215,216,NOXT NobleNXT,NOXT,"$30,257",$0.054871,"551,428 *",Low Vol,0.04%,0.54%,-2.56%,Add to Watchlist Remove from Watchlist Watchlist full! View Chart View Markets View Historical Data
216,217,PHS Philosopher S...,PHS,"$29,987",$0.012344,"2,429,219 *",Low Vol,0.03%,-0.66%,-0.80%,Add to Watchlist Remove from Watchlist Watchlist full! View Chart View Markets View Historical Data
217,218,VIOR Viorcoin,VIOR,"$28,656",$0.006071,"4,719,802 *",Low Vol,4.06%,16.02%,-14.59%,Add to Watchlist Remove from Watchlist Watchlist full! View Chart View Markets View Historical Data
218,219,XCH ClearingHouse,XCH,"$28,483",$0.000274,"103,807,797 *",Low Vol,0.06%,-12.10%,-49.37%,Add to Watchlist Remove from Watchlist Watchlist full! View Chart View Markets View Historical Data
219,220,VTA Virtacoin,VTA,"$28,284",$0.000003,9986837209,Low Vol,-44.61%,-45.14%,-21.46%,Add to Watchlist Remove from Watchlist Watchlist full! View Chart View Markets View Historical Data
220,221,NXTI NXTInspect,NXTI,"$28,043",$0.040048,"700,227 *",Low Vol,-0.99%,-14.25%,31.87%,Add to Watchlist Remove from Watchlist Watchlist full! View Chart View Markets View Historical Data
221,222,SLG Sterlingcoin,SLG,"$27,037",$0.006981,3872963,Low Vol,3.15%,-3.22%,-1.13%,Add to Watchlist Remove from Watchlist Watchlist full! View Chart View Markets View Historical Data
222,223,FLDC FoldingCoin,FLDC,"$26,626",$0.000217,"122,500,000 *",Low Vol,0.05%,-14.84%,-26.72%,Add to Watchlist Remove from Watchlist Watchlist full! View Chart View Markets View Historical Data
223,224,CRYPT CryptCoin,CRYPT,"$26,295",$0.004372,6014382,Low Vol,1.92%,0.89%,10.67%,Add to Watchlist Remove from Watchlist Watchlist full! View Chart View Markets View Historical Data
224,225,XMG Magi,XMG,"$26,270",$0.012579,2088355,Low Vol,0.52%,-3.14%,1.21%,Add to Watchlist Remove from Watchlist Watchlist full! View Chart View Markets View Historical Data
225,226,EXCL ExclusiveCoin,EXCL,"$25,915",$0.002745,9439935,Low Vol,0.11%,1.47%,-36.56%,Add to Watchlist Remove from Watchlist Watchlist full! View Chart View Markets View Historical Data
226,227,FST Fastcoin,FST,"$25,866",$0.000233,110891083,Low Vol,0.06%,-8.75%,-13.61%,Add to Watchlist Remove from Watchlist Watchlist full! View Chart View Markets View Historical Data
227,228,PTC Pesetacoin,PTC,"$25,822",$0.000255,101192471,Low Vol,0.24%,1.74%,-4.92%,Add to Watchlist Remove from Watchlist Watchlist full! View Chart View Markets View Historical Data
228,229,LTCD LitecoinDark,LTCD,"$25,425",$0.000322,78893980,Low Vol,0.37%,2.58%,4.00%,Add to Watchlist Remove from Watchlist Watchlist full! View Chart View Markets View Historical Data
229,230,GRS Groestlcoin,GRS,"$25,368",$0.000455,55694822,Low Vol,0.05%,-2.43%,17.68%,Add to Watchlist Remove from Watchlist Watchlist full! View Chart View Markets View Historical Data
230,231,SRC SecureCoin,SRC,"$25,235",$0.011124,2268625,Low Vol,-0.01%,-3.05%,-3.30%,Add to Watchlist Remove from Watchlist Watchlist full! View Chart View Markets View Historical Data
231,232,MIN Mineralscoin,MIN,"$23,870",$0.000881,"27,101,018 *",Low Vol,0.06%,-24.21%,214.14%,Add to Watchlist Remove from Watchlist Watchlist full! View Chart View Markets View Historical Data
232,233,SCSY SecurityCoin,SCSY,"$23,858",$0.000430,55528077,Low Vol,0.06%,-5.74%,41.90%,Add to Watchlist Remove from Watchlist Watchlist full! View Chart View Markets View Historical Data
233,234,OC OrangeCoin,OC,"$23,630",$0.000436,"54,163,117 *",Low Vol,0.06%,-0.67%,20.46%,Add to Watchlist Remove from Watchlist Watchlist full! View Chart View Markets View Historical Data
234,235,BCX BattleCoin,BCX,"$23,426",$0.000387,60552166,Low Vol,0.03%,0.04%,12.24%,Add to Watchlist Remove from Watchlist Watchlist full! View Chart View Markets View Historical Data
235,236,TES TeslaCoin,TES,"$23,260",$0.000384,60552166,Low Vol,0.05%,1.52%,15.70%,Add to Watchlist Remove from Watchlist Watchlist full! View Chart View Markets View Historical Data
236,237,TRC Terracoin,TRC,"$23,052",$0.003485,6614136,Low Vol,0.05%,-8.16%,-26.85%,Add to Watchlist Remove from Watchlist Watchlist full! View Chart View Markets View Historical Data
237,238,BQC BBQCoin,BQC,"$22,879",$0.000584,39146806,Low Vol,0.05%,-4.22%,0.40%,Add to Watchlist Remove from Watchlist Watchlist full! View Chart View Markets View Historical Data
238,239,NKA IncaKoin,NKA,"$22,782",$0.000027,830399346,Low Vol,0.04%,-11.42%,-43.38%,Add to Watchlist Remove from Watchlist Watchlist full! View Chart View Markets View Historical Data
239,240,NXS Nexus,NXS,"$22,770",$0.001756,12967778,Low Vol,0.04%,-3.84%,-22.14%,Add to Watchlist Remove from Watchlist Watchlist full! View Chart View Markets View Historical Data
240,241,HLC HellasCoin,HLC,"$22,763",$0.001907,11938050,Low Vol,0.06%,-2.41%,?,Add to Watchlist Remove from Watchlist Watchlist full! View Chart View Markets View Historical Data
241,242,XLB Libertycoin,XLB,"$22,382",$0.001355,"16,512,528 *",Low Vol,0.06%,-1.07%,6.83%,Add to Watchlist Remove from Watchlist Watchlist full! View Chart View Markets View Historical Data
242,243,NEOS NeosCoin,NEOS,"$22,304",$0.005198,4290800,Low Vol,0.06%,1.77%,7.54%,Add to Watchlist Remove from Watchlist Watchlist full! View Chart View Markets View Historical Data
243,244,KORE Kore,KORE,"$22,197",$0.012569,"1,765,952 *",Low Vol,0.06%,4.36%,21.55%,Add to Watchlist Remove from Watchlist Watchlist full! View Chart View Markets View Historical Data
244,245,SPR SpreadCoin,SPR,"$21,753",$0.010956,1985545,Low Vol,0.02%,23.65%,-40.59%,Add to Watchlist Remove from Watchlist Watchlist full! View Chart View Markets View Historical Data
245,246,GEO GeoCoin,GEO,"$21,001",$0.029505,"711,765 *",Low Vol,-1.88%,-4.41%,-9.44%,Add to Watchlist Remove from Watchlist Watchlist full! View Chart View Markets View Historical Data
246,247,DOPE DopeCoin,DOPE,"$20,926",$0.000156,"133,797,276 *",Low Vol,0.05%,2.94%,3.79%,Add to Watchlist Remove from Watchlist Watchlist full! View Chart View Markets View Historical Data
247,248,NKT Nakamoto Dark,NKT,"$20,851",$0.000236,88370709,Low Vol,0.04%,-9.02%,-14.64%,Add to Watchlist Remove from Watchlist Watchlist full! View Chart View Markets View Historical Data
248,249,ARI Aricoin,ARI,"$20,424",$0.000156,131325990,Low Vol,0.06%,2.29%,-31.06%,Add to Watchlist Remove from Watchlist Watchlist full! View Chart View Markets View Historical Data
249,250,CTM ContinuumCoin,CTM,"$20,100",$2.3e-07,88538349156,Low Vol,0.41%,-1.07%,20.43%,Add to Watchlist Remove from Watchlist Watchlist full! View Chart View Markets View Historical Data
250,251,CHA Chancecoin,CHA,"$19,987",$0.038696,"516,513 *",Low Vol,0.06%,?,?,Add to Watchlist Remove from Watchlist Watchlist full! View Chart View Markets View Historical Data
251,252,BTB BitBar,BTB,"$19,809",$1.18,16769,Low Vol,2.24%,31.85%,5.27%,Add to Watchlist Remove from Watchlist Watchlist full! View Chart View Markets View Historical Data
252,253,SFR SaffronCoin,SFR,"$19,353",$0.000949,20386026,Low Vol,0.09%,-2.14%,8.41%,Add to Watchlist Remove from Watchlist Watchlist full! View Chart View Markets View Historical Data
253,254,ELC Elacoin,ELC,"$19,198",$0.041199,465995,Low Vol,0.05%,-5.90%,74.81%,Add to Watchlist Remove from Watchlist Watchlist full! View Chart View Markets View Historical Data
254,255,RBBT RabbitCoin,RBBT,"$19,054",$1.9e-07,100715606023,Low Vol,0.37%,-1.08%,11.97%,Add to Watchlist Remove from Watchlist Watchlist full! View Chart View Markets View Historical Data
255,256,QBK Qibuck,QBK,"$18,989",$0.037250,"509,774 *",Low Vol,0.06%,-3.67%,6.62%,Add to Watchlist Remove from Watchlist Watchlist full! View Chart View Markets View Historical Data
256,257,SCOT Scotcoin,SCOT,"$18,903",$0.000019,"1,000,000,000 *",Low Vol,23.40%,-58.31%,-85.86%,Add to Watchlist Remove from Watchlist Watchlist full! View Chart View Markets View Historical Data
257,258,RZR Razor,RZR,"$18,717",$0.009359,1999895,Low Vol,0.06%,-20.36%,-12.73%,Add to Watchlist Remove from Watchlist Watchlist full! View Chart View Markets View Historical Data
258,259,C2 Coin2.1,C2,"$18,379",$0.000184,"99,976,323 *",Low Vol,0.06%,?,-11.41%,Add to Watchlist Remove from Watchlist Watchlist full! View Chart View Markets View Historical Data
259,260,BTCS Bitcoin Scrypt,BTCS,"$18,198",$0.001530,11896850,Low Vol,0.19%,-8.17%,21.30%,Add to Watchlist Remove from Watchlist Watchlist full! View Chart View Markets View Historical Data
260,261,HRL HRLTCGEAR,HRL,"$17,973",$0.003058,"5,876,687 *",Low Vol,0.11%,7.57%,10.19%,Add to Watchlist Remove from Watchlist Watchlist full! View Chart View Markets View Historical Data
261,262,XDQ Dirac,XDQ,"$17,842",$0.039484,451885,Low Vol,0.06%,32.35%,18.33%,Add to Watchlist Remove from Watchlist Watchlist full! View Chart View Markets View Historical Data
262,263,SMC SmartCoin,SMC,"$17,767",$0.000999,17789558,Low Vol,0.06%,11.94%,60.23%,Add to Watchlist Remove from Watchlist Watchlist full! View Chart View Markets View Historical Data
263,264,ROOT RootCoin,ROOT,"$16,921",$0.008830,1916373,Low Vol,0.06%,12.87%,55.67%,Add to Watchlist Remove from Watchlist Watchlist full! View Chart View Markets View Historical Data
264,265,MWC MultiWalletCoin,MWC,"$16,676",$0.000612,"27,254,738 *",Low Vol,0.06%,?,1.69%,Add to Watchlist Remove from Watchlist Watchlist full! View Chart View Markets View Historical Data
265,266,CINNI Cinni,CINNI,"$16,604",$0.001098,"15,128,216 *",Low Vol,0.06%,32.00%,23.24%,Add to Watchlist Remove from Watchlist Watchlist full! View Chart View Markets View Historical Data
266,267,FAIL FAILCoin,FAIL,"$16,165",$2.1e-07,78027510166,Low Vol,0.35%,17.94%,58.93%,Add to Watchlist Remove from Watchlist Watchlist full! View Chart View Markets View Historical Data
267,268,YAC Yacoin,YAC,"$16,129",$0.000346,46651872,Low Vol,0.06%,-12.21%,-20.82%,Add to Watchlist Remove from Watchlist Watchlist full! View Chart View Markets View Historical Data
268,269,HRNXT HRNXTPool,HRNXT,"$15,733",$0.157331,"100,000 *",Low Vol,-0.99%,264.93%,?,Add to Watchlist Remove from Watchlist Watchlist full! View Chart View Markets View Historical Data
269,270,CXC CheckOutCoin,CXC,"$15,267",$0.003037,"5,026,889 *",Low Vol,0.25%,3.45%,18.04%,Add to Watchlist Remove from Watchlist Watchlist full! View Chart View Markets View Historical Data
270,271,GLC GlobalCoin,GLC,"$15,021",$0.000247,60825713,Low Vol,0.85%,0.66%,2.52%,Add to Watchlist Remove from Watchlist Watchlist full! View Chart View Markets View Historical Data
271,272,SEED SeedCoin,SEED,"$14,975",$0.004871,3073963,Low Vol,0.40%,7.15%,95.87%,Add to Watchlist Remove from Watchlist Watchlist full! View Chart View Markets View Historical Data
272,273,GCN GCN Coin,GCN,"$14,950",$2.1e-07,72092060000,Low Vol,-5.82%,-35.55%,-33.62%,Add to Watchlist Remove from Watchlist Watchlist full! View Chart View Markets View Historical Data
273,274,BLC Blakecoin,BLC,"$14,923",$0.002584,5774519,Low Vol,0.06%,1.19%,-6.35%,Add to Watchlist Remove from Watchlist Watchlist full! View Chart View Markets View Historical Data
274,275,MRC microCoin,MRC,"$14,610",$7.9e-07,"18,387,562,489 *",Low Vol,76.86%,246.22%,305.97%,Add to Watchlist Remove from Watchlist Watchlist full! View Chart View Markets View Historical Data
275,276,COMM CommunityCoin,COMM,"$14,506",$0.000014,"1,057,344,896 *",Low Vol,0.05%,8.07%,-10.90%,Add to Watchlist Remove from Watchlist Watchlist full! View Chart View Markets View Historical Data
276,277,NYC NewYorkCoin,NYC,"$13,785",$1.4e-07,97307606333,Low Vol,-7.53%,-0.08%,-11.19%,Add to Watchlist Remove from Watchlist Watchlist full! View Chart View Markets View Historical Data
277,278,QTL Quatloo,QTL,"$13,684",$0.003959,3456940,Low Vol,0.12%,-5.14%,-11.49%,Add to Watchlist Remove from Watchlist Watchlist full! View Chart View Markets View Historical Data
278,279,XCN Cryptonite,XCN,"$13,418",$0.000176,76410390,Low Vol,0.06%,5.90%,8.63%,Add to Watchlist Remove from Watchlist Watchlist full! View Chart View Markets View Historical Data
279,280,HAM HamRadioCoin,HAM,"$13,209",$0.003651,3617581,Low Vol,-7.60%,0.57%,1.83%,Add to Watchlist Remove from Watchlist Watchlist full! View Chart View Markets View Historical Data
280,281,XPD PetroDollar,XPD,"$13,094",$0.000214,61290025,Low Vol,0.06%,-23.83%,-11.67%,Add to Watchlist Remove from Watchlist Watchlist full! View Chart View Markets View Historical Data
281,282,TROLL Trollcoin,TROLL,"$13,069",$0.000003,4711810000,Low Vol,-0.52%,-7.90%,-34.21%,Add to Watchlist Remove from Watchlist Watchlist full! View Chart View Markets View Historical Data
282,283,QSLV Quicksilver,QSLV,"$13,002",$0.003756,"3,461,783 *",Low Vol,-13.82%,6.53%,25.82%,Add to Watchlist Remove from Watchlist Watchlist full! View Chart View Markets View Historical Data
283,284,FLO FLO,FLO,"$12,936",$0.000154,84164850,Low Vol,0.39%,-11.08%,-36.75%,Add to Watchlist Remove from Watchlist Watchlist full! View Chart View Markets View Historical Data
284,285,KOBO Kobocoin,KOBO,"$12,708",$0.000530,"23,987,925 *",Low Vol,0.62%,-15.19%,0.35%,Add to Watchlist Remove from Watchlist Watchlist full! View Chart View Markets View Historical Data
285,286,FCN Fantomcoin,FCN,"$12,605",$0.006860,1837640,Low Vol,0.06%,-0.67%,-7.31%,Add to Watchlist Remove from Watchlist Watchlist full! View Chart View Markets View Historical Data
286,287,COOL CoolCoin,COOL,"$12,562",$0.000121,"104,047,705 *",Low Vol,0.06%,1.18%,7.16%,Add to Watchlist Remove from Watchlist Watchlist full! View Chart View Markets View Historical Data
287,288,TIT TittieCoin,TIT,"$12,339",$0.000011,"1,124,865,578 *",Low Vol,0.07%,-2.27%,-15.54%,Add to Watchlist Remove from Watchlist Watchlist full! View Chart View Markets View Historical Data
288,289,TOP  TopCoin,TOP,"$12,300",$0.000497,24767720,Low Vol,0.06%,-0.67%,?,Add to Watchlist Remove from Watchlist Watchlist full! View Chart View Markets View Historical Data
289,290,BUK CryptoBuck,BUK,"$12,046",$0.009254,1301720,Low Vol,15.99%,25.09%,25.31%,Add to Watchlist Remove from Watchlist Watchlist full! View Chart View Markets View Historical Data
290,291,AMBER AmberCoin,AMBER,"$11,856",$0.004258,2784441,Low Vol,-8.93%,-22.33%,-51.95%,Add to Watchlist Remove from Watchlist Watchlist full! View Chart View Markets View Historical Data
291,292,OPALTKN OpalTKN,OPALTKN,"$11,800",$0.000787,"15,000,000 *",Low Vol,-0.99%,-5.61%,17.88%,Add to Watchlist Remove from Watchlist Watchlist full! View Chart View Markets View Historical Data
292,293,PIGGY Piggycoin,PIGGY,"$11,704",$0.000025,473956371,Low Vol,0.06%,-10.60%,-9.06%,Add to Watchlist Remove from Watchlist Watchlist full! View Chart View Markets View Historical Data
293,294,SMBR Sembro Token,SMBR,"$11,495",$0.004595,"2,501,354 *",Low Vol,0.04%,?,-1.22%,Add to Watchlist Remove from Watchlist Watchlist full! View Chart View Markets View Historical Data
294,295,CAIx CAIx,CAIx,"$11,351",$0.007015,"1,618,027 *",Low Vol,0.06%,64.20%,5.51%,Add to Watchlist Remove from Watchlist Watchlist full! View Chart View Markets View Historical Data
295,296,ENRG Energycoin,ENRG,"$11,306",$0.000099,114463089,Low Vol,0.06%,-3.36%,7.16%,Add to Watchlist Remove from Watchlist Watchlist full! View Chart View Markets View Historical Data
296,297,LOT  LottoCoin,LOT,"$11,226",$7.7e-07,14491014421,Low Vol,-3.60%,-9.96%,-17.70%,Add to Watchlist Remove from Watchlist Watchlist full! View Chart View Markets View Historical Data
297,298,DRKC DarkCash,DRKC,"$11,207",$0.002601,4308300,Low Vol,6.82%,2.88%,-1.35%,Add to Watchlist Remove from Watchlist Watchlist full! View Chart View Markets View Historical Data
298,299,ELT  Electron,ELT,"$11,156",$0.001372,8131338,Low Vol,0.06%,-0.67%,33.86%,Add to Watchlist Remove from Watchlist Watchlist full! View Chart View Markets View Historical Data
299,300,BOOM  Boomcoin,BOOM,"$10,928",$0.000960,"11,379,426 *",Low Vol,0.06%,3.78%,-13.98%,Add to Watchlist Remove from Watchlist Watchlist full! View Chart View Markets View Historical Data
300,301,UFO Uniform Fisca...,UFO,"$10,890",$0.000005,1984393762,Low Vol,0.06%,-0.67%,7.16%,Add to Watchlist Remove from Watchlist Watchlist full! View Chart View Markets View Historical Data
301,302,WKC WankCoin,WKC,"$10,835",$0.002819,3843650,Low Vol,0.06%,-14.88%,2.69%,Add to Watchlist Remove from Watchlist Watchlist full! View Chart View Markets View Historical Data
302,303,MNE Munne,MNE,"$10,764",$0.002242,"4,801,022 *",Low Vol,0.03%,-21.85%,-33.60%,Add to Watchlist Remove from Watchlist Watchlist full! View Chart View Markets View Historical Data
303,304,SILK Silkcoin,SILK,"$10,616",$0.000244,43429800,Low Vol,-0.11%,47.63%,-3.15%,Add to Watchlist Remove from Watchlist Watchlist full! View Chart View Markets View Historical Data
304,305,HUC HunterCoin,HUC,"$10,543",$0.002529,4168170,Low Vol,0.66%,-18.45%,-48.62%,Add to Watchlist Remove from Watchlist Watchlist full! View Chart View Markets View Historical Data
305,306,SPA SpainCoin,SPA,"$10,300",$0.000431,23909989,Low Vol,0.06%,-6.86%,-12.31%,Add to Watchlist Remove from Watchlist Watchlist full! View Chart View Markets View Historical Data
306,307,THC HempCoin,THC,"$10,051",$0.000063,159261095,Low Vol,0.06%,-0.67%,9.55%,Add to Watchlist Remove from Watchlist Watchlist full! View Chart View Markets View Historical Data
307,308,GDC GrandCoin,GDC,"$10,039",$0.000025,406548474,Low Vol,12.57%,11.74%,20.24%,Add to Watchlist Remove from Watchlist Watchlist full! View Chart View Markets View Historical Data
308,309,MEOW Kittehcoin,MEOW,"$9,872",$4.2e-07,23719304847,Low Vol,0.39%,-1.79%,0.40%,Add to Watchlist Remove from Watchlist Watchlist full! View Chart View Markets View Historical Data
309,310,NRS NoirShares,NRS,"$9,850",$0.003976,2477481,Low Vol,0.06%,7.15%,8.62%,Add to Watchlist Remove from Watchlist Watchlist full! View Chart View Markets View Historical Data
310,311,SAT2 Saturn2Coin,SAT2,"$9,628",$0.001224,7867810,Low Vol,0.06%,4.73%,16.26%,Add to Watchlist Remove from Watchlist Watchlist full! View Chart View Markets View Historical Data
311,312,FRK Franko,FRK,"$9,590",$0.027399,350000,Low Vol,-8.23%,-19.26%,-22.19%,Add to Watchlist Remove from Watchlist Watchlist full! View Chart View Markets View Historical Data
312,313,TIT Titcoin,TIT,"$9,564",$0.000512,18696314,Low Vol,0.23%,-17.33%,-7.27%,Add to Watchlist Remove from Watchlist Watchlist full! View Chart View Markets View Historical Data
313,314,BITSILVER bitSilver,BITSILVER,"$9,486",$15.86,598 *,Low Vol,-1.10%,?,-4.30%,Add to Watchlist Remove from Watchlist Watchlist full! View Chart View Markets View Historical Data
314,315,RED RedCoin,RED,"$9,306",$0.000171,54527531,Low Vol,0.39%,-2.85%,-29.53%,Add to Watchlist Remove from Watchlist Watchlist full! View Chart View Markets View Historical Data
315,316,CLR Copperlark,CLR,"$9,057",$0.000837,10822849,Low Vol,0.04%,-23.60%,-33.94%,Add to Watchlist Remove from Watchlist Watchlist full! View Chart View Markets View Historical Data
316,317,CRW Crown,CRW,"$8,988",$0.002469,3640247,Low Vol,0.06%,62.22%,188.64%,Add to Watchlist Remove from Watchlist Watchlist full! View Chart View Markets View Historical Data
317,318,ACOIN Acoin,ACOIN,"$8,837",$0.011250,785531,Low Vol,0.06%,1.91%,5.60%,Add to Watchlist Remove from Watchlist Watchlist full! View Chart View Markets View Historical Data
318,319,XBC Bitcoin Plus,XBC,"$8,809",$0.159150,"55,350 *",Low Vol,0.06%,?,21.87%,Add to Watchlist Remove from Watchlist Watchlist full! View Chart View Markets View Historical Data
319,320,APEX ApexCoin,APEX,"$8,453",$0.001388,"6,088,386 *",Low Vol,0.06%,-13.95%,-7.90%,Add to Watchlist Remove from Watchlist Watchlist full! View Chart View Markets View Historical Data
320,321,TRK Truckcoin,TRK,"$8,274",$0.000409,"20,238,337 *",Low Vol,0.06%,-1.33%,2.10%,Add to Watchlist Remove from Watchlist Watchlist full! View Chart View Markets View Historical Data
321,322,VOOT VootCoin,VOOT,"$8,244",$0.000119,69280656,Low Vol,1.97%,-62.31%,81.34%,Add to Watchlist Remove from Watchlist Watchlist full! View Chart View Markets View Historical Data
322,323,MNC Mincoin,MNC,"$8,124",$0.004719,1721350,Low Vol,0.05%,-0.91%,6.02%,Add to Watchlist Remove from Watchlist Watchlist full! View Chart View Markets View Historical Data
323,324,VGC VegasCoin,VGC,"$8,091",$0.000274,29487180,Low Vol,0.05%,-0.67%,59.94%,Add to Watchlist Remove from Watchlist Watchlist full! View Chart View Markets View Historical Data
324,325,TOR TorCoin,TOR,"$8,027",$0.005271,"1,522,979 *",Low Vol,0.06%,-58.39%,-69.78%,Add to Watchlist Remove from Watchlist Watchlist full! View Chart View Markets View Historical Data
325,326,METAL MetalCoin,METAL,"$8,015",$0.000104,"76,880,257 *",Low Vol,0.04%,-11.63%,26.77%,Add to Watchlist Remove from Watchlist Watchlist full! View Chart View Markets View Historical Data
326,327,HVC Heavycoin,HVC,"$7,994",$0.000091,88290328,Low Vol,-13.10%,-0.67%,-37.96%,Add to Watchlist Remove from Watchlist Watchlist full! View Chart View Markets View Historical Data
327,328,ASC AsicCoin,ASC,"$7,919",$0.000015,538053251,Low Vol,-2.89%,-0.80%,-1.83%,Add to Watchlist Remove from Watchlist Watchlist full! View Chart View Markets View Historical Data
328,329,SBC StableCoin,SBC,"$7,718",$0.000417,18505107,Low Vol,0.23%,0.03%,-0.94%,Add to Watchlist Remove from Watchlist Watchlist full! View Chart View Markets View Historical Data
329,330,PXC Phoenixcoin,PXC,"$7,676",$0.000273,28097700,Low Vol,0.00%,2.89%,6.64%,Add to Watchlist Remove from Watchlist Watchlist full! View Chart View Markets View Historical Data
330,331,EMD Emerald Crypto,EMD,"$7,521",$0.000615,12237422,Low Vol,0.05%,1.12%,11.99%,Add to Watchlist Remove from Watchlist Watchlist full! View Chart View Markets View Historical Data
331,332,CRAIG CraigsCoin,CRAIG,"$7,346",$0.000245,"30,033,947 *",Low Vol,0.47%,-0.51%,4.92%,Add to Watchlist Remove from Watchlist Watchlist full! View Chart View Markets View Historical Data
332,333,UTIL UtilityCoin,UTIL,"$7,263",$0.001948,"3,728,328 *",Low Vol,0.04%,-7.85%,51.32%,Add to Watchlist Remove from Watchlist Watchlist full! View Chart View Markets View Historical Data
333,334,MLS MozzShare,MLS,"$7,038",$0.000110,64125000,Low Vol,0.04%,-14.04%,27.37%,Add to Watchlist Remove from Watchlist Watchlist full! View Chart View Markets View Historical Data
334,335,RPC RonPaulCoin,RPC,"$7,033",$0.028574,246148,Low Vol,-2.80%,7.48%,14.81%,Add to Watchlist Remove from Watchlist Watchlist full! View Chart View Markets View Historical Data
335,336,ICB IcebergCoin,ICB,"$6,968",$0.001550,4494763,Low Vol,-8.81%,-11.23%,-2.50%,Add to Watchlist Remove from Watchlist Watchlist full! View Chart View Markets View Historical Data
336,337,BET BetaCoin,BET,"$6,965",$0.000343,20306438,Low Vol,0.05%,-11.31%,6.63%,Add to Watchlist Remove from Watchlist Watchlist full! View Chart View Markets View Historical Data
337,338,GHC GamerholicCoin,GHC,"$6,939",$0.008892,780330,Low Vol,0.05%,-45.90%,6.81%,Add to Watchlist Remove from Watchlist Watchlist full! View Chart View Markets View Historical Data
338,339,GLIDE GlideSEC,GLIDE,"$6,854",$0.026889,"254,915 *",Low Vol,-0.99%,43.93%,9.70%,Add to Watchlist Remove from Watchlist Watchlist full! View Chart View Markets View Historical Data
339,340,KRYP Kryptonite,KRYP,"$6,841",$0.000801,8539266,Low Vol,16.84%,29.62%,1087.42%,Add to Watchlist Remove from Watchlist Watchlist full! View Chart View Markets View Historical Data
340,341,DIEM Diem,DIEM,"$6,602",$3e-07,21662823605,Low Vol,2.65%,1.01%,50.02%,Add to Watchlist Remove from Watchlist Watchlist full! View Chart View Markets View Historical Data
341,342,KEY KeyCoin,KEY,"$6,555",$0.007112,"921,726 *",Low Vol,0.06%,18.15%,-10.77%,Add to Watchlist Remove from Watchlist Watchlist full! View Chart View Markets View Historical Data
342,343,DTC DayTraderCoin,DTC,"$6,546",$0.005882,"1,112,907 *",Low Vol,0.06%,215.44%,?,Add to Watchlist Remove from Watchlist Watchlist full! View Chart View Markets View Historical Data
343,344,DSH Dashcoin,DSH,"$6,520",$7.3e-08,89797969929,Low Vol,2.17%,-8.84%,1.35%,Add to Watchlist Remove from Watchlist Watchlist full! View Chart View Markets View Historical Data
344,345,CAT Catcoin,CAT,"$6,128",$0.003605,1699650,Low Vol,31.09%,2.13%,10.57%,Add to Watchlist Remove from Watchlist Watchlist full! View Chart View Markets View Historical Data
345,346,SPHERE NHZSPHERE,SPHERE,"$6,017",$0.000401,"15,000,000 *",Low Vol,2.55%,5.66%,?,Add to Watchlist Remove from Watchlist Watchlist full! View Chart View Markets View Historical Data
346,347,SHA SHACoin,SHA,"$5,978",$0.000016,363141731,Low Vol,0.06%,-7.11%,60.74%,Add to Watchlist Remove from Watchlist Watchlist full! View Chart View Markets View Historical Data
347,348,KTK Kryptkoin,KTK,"$5,941",$0.000343,17321872,Low Vol,0.06%,-34.65%,22.89%,Add to Watchlist Remove from Watchlist Watchlist full! View Chart View Markets View Historical Data
348,349,ZED Zedcoin,ZED,"$5,871",$0.000521,11262360,Low Vol,0.05%,-9.01%,1.80%,Add to Watchlist Remove from Watchlist Watchlist full! View Chart View Markets View Historical Data
349,350,XJO Joulecoin,XJO,"$5,558",$0.000332,16739664,Low Vol,-1.12%,-17.11%,7.96%,Add to Watchlist Remove from Watchlist Watchlist full! View Chart View Markets View Historical Data
350,351,LKY Luckycoin,LKY,"$5,506",$0.000292,18862127,Low Vol,0.04%,-1.66%,-73.64%,Add to Watchlist Remove from Watchlist Watchlist full! View Chart View Markets View Historical Data
351,352,FOOD Plankton,FOOD,"$5,492",$0.000005,"1,000,737,320 *",Low Vol,0.06%,98.66%,113.50%,Add to Watchlist Remove from Watchlist Watchlist full! View Chart View Markets View Historical Data
352,353,GML GameLeagueCoin,GML,"$5,488",$0.000011,"500,000,000 *",Low Vol,0.06%,32.44%,8.48%,Add to Watchlist Remove from Watchlist Watchlist full! View Chart View Markets View Historical Data
353,354,MRY Murraycoin,MRY,"$5,478",$0.000184,29798338,Low Vol,0.06%,2.29%,1.65%,Add to Watchlist Remove from Watchlist Watchlist full! View Chart View Markets View Historical Data
354,355,EXE Execoin,EXE,"$5,477",$0.000306,17881067,Low Vol,-2.88%,-4.50%,0.14%,Add to Watchlist Remove from Watchlist Watchlist full! View Chart View Markets View Historical Data
355,356,CHASH CleverHash,CHASH,"$5,428",$0.043777,"123,995 *",Low Vol,-0.22%,11.03%,?,Add to Watchlist Remove from Watchlist Watchlist full! View Chart View Markets View Historical Data
356,357,XCASH XCash,XCASH,"$5,381",$0.002195,"2,451,570 *",Low Vol,-3.86%,13.51%,31.28%,Add to Watchlist Remove from Watchlist Watchlist full! View Chart View Markets View Historical Data
357,358,LTB LiteBar,LTB,"$5,334",$0.030179,176737,Low Vol,0.05%,0.32%,20.37%,Add to Watchlist Remove from Watchlist Watchlist full! View Chart View Markets View Historical Data
358,359,OK OKCash,OK,"$5,296",$0.000131,"40,281,781 *",Low Vol,-4.27%,-2.44%,13.58%,Add to Watchlist Remove from Watchlist Watchlist full! View Chart View Markets View Historical Data
359,360,TCO TacoCoin,TCO,"$5,276",$0.000108,48851375,Low Vol,0.06%,1580.01%,1395.66%,Add to Watchlist Remove from Watchlist Watchlist full! View Chart View Markets View Historical Data
360,361,CASH Cashcoin,CASH,"$5,221",$0.001147,4551861,Low Vol,0.02%,30.36%,49.56%,Add to Watchlist Remove from Watchlist Watchlist full! View Chart View Markets View Historical Data
361,362,XGR GoldReserve,XGR,"$5,184",$0.000403,12852064,Low Vol,0.06%,-2.00%,-20.84%,Add to Watchlist Remove from Watchlist Watchlist full! View Chart View Markets View Historical Data
362,363,CIN Cinder,CIN,"$5,009",$0.000044,"114,103,496 *",Low Vol,0.05%,-6.51%,?,Add to Watchlist Remove from Watchlist Watchlist full! View Chart View Markets View Historical Data
363,364,KUMA Kumacoin,KUMA,"$5,008",$0.000027,182512440,Low Vol,0.06%,-7.17%,8.11%,Add to Watchlist Remove from Watchlist Watchlist full! View Chart View Markets View Historical Data
364,365,PSEUD PseudoCash,PSEUD,"$4,994",$0.002280,"2,190,227 *",Low Vol,0.06%,-0.17%,30.93%,Add to Watchlist Remove from Watchlist Watchlist full! View Chart View Markets View Historical Data
365,366,BUN BunnyCoin,BUN,"$4,963",$5.5e-08,89870100266,Low Vol,-0.98%,2.44%,-8.85%,Add to Watchlist Remove from Watchlist Watchlist full! View Chart View Markets View Historical Data
366,367,GUE Guerillacoin,GUE,"$4,896",$0.001086,"4,508,409 *",Low Vol,0.08%,-23.27%,-39.83%,Add to Watchlist Remove from Watchlist Watchlist full! View Chart View Markets View Historical Data
367,368,BTG Bitgem,BTG,"$4,872",$0.145426,33499,Low Vol,0.05%,-33.74%,-26.47%,Add to Watchlist Remove from Watchlist Watchlist full! View Chart View Markets View Historical Data
368,369,CKC Checkcoin,CKC,"$4,769",$0.000294,16234810,Low Vol,0.04%,-10.05%,-34.52%,Add to Watchlist Remove from Watchlist Watchlist full! View Chart View Markets View Historical Data
369,370,CRACK CrackCoin,CRACK,"$4,745",$0.000790,"6,004,132 *",Low Vol,0.04%,8.15%,26.13%,Add to Watchlist Remove from Watchlist Watchlist full! View Chart View Markets View Historical Data
370,371,GB GreenBacks,GB,"$4,718",$0.000228,"20,715,656 *",Low Vol,0.06%,1.78%,-11.83%,Add to Watchlist Remove from Watchlist Watchlist full! View Chart View Markets View Historical Data
371,372,XDE XDECoin,XDE,"$4,685",$46.65,100 *,Low Vol,0.06%,-43.71%,-12.61%,Add to Watchlist Remove from Watchlist Watchlist full! View Chart View Markets View Historical Data
372,373,ALN Aliencoin,ALN,"$4,681",$0.000189,24726090,Low Vol,0.05%,2.29%,1.67%,Add to Watchlist Remove from Watchlist Watchlist full! View Chart View Markets  View Historical Data
373,374,EAGS EagsCurrency,EAGS,"$4,482",$0.001866,"2,401,495 *",Low Vol,2.13%,30.27%,-0.59%,Add to Watchlist Remove from Watchlist Watchlist full! View Chart View Markets View Historical Data
374,375,POP PopularCoin,POP,"$4,446",$0.000001,3092383298,Low Vol,0.37%,0.24%,-43.76%,Add to Watchlist Remove from Watchlist Watchlist full! View Chart View Markets View Historical Data
375,376,KGC Krugercoin,KGC,"$4,426",$0.000044,100834418,Low Vol,1.32%,-0.34%,-6.26%,Add to Watchlist Remove from Watchlist Watchlist full! View Chart  View Markets View Historical Data
376,377,CHILD X-Children,CHILD,"$4,399",$0.002362,1862118,Low Vol,0.04%,-63.09%,33.72%,Add to Watchlist Remove from Watchlist Watchlist full! View Chart View Markets View Historical Data
377,378,PMP PreminePlus,PMP,"$4,260",$0.004113,"1,035,850 *",Low Vol,0.03%,-0.68%,?,Add to Watchlist Remove from Watchlist Watchlist full! View Chart View Markets View Historical Data
378,379,LYC Lycancoin,LYC,"$4,245",$0.000016,257833791,Low Vol,20.08%,4.99%,-7.05%,Add to Watchlist Remove from Watchlist Watchlist full! View Chart  View Markets View Historical Data
379,380,OMC Omnicoin,OMC,"$4,235",$0.000491,8622886,Low Vol,-42.11%,-89.45%,-87.92%,Add to Watchlist Remove from Watchlist Watchlist full! View Chart View Markets View Historical Data
380,381,CATC CataloniaCoin,CATC,"$4,109",$0.001152,3565153,Low Vol,0.06%,98.66%,-18.61%,Add to Watchlist Remove from Watchlist Watchlist full! View Chart View Markets View Historical Data
381,382,FFC FireFlyCoin,FFC,"$4,070",$0.000044,92727600,Low Vol,0.03%,-0.69%,-7.53%,Add to Watchlist Remove from Watchlist Watchlist full!  View Chart View Markets View Historical Data
382,383,KDC KlondikeCoin,KDC,"$3,957",$0.000541,7320629,Low Vol,0.06%,-0.67%,1.65%,Add to Watchlist Remove from Watchlist Watchlist full! View Chart View Markets View Historical Data
383,384,GIVE GiveCoin,GIVE,"$3,924",$0.000019,204299000,Low Vol,0.04%,-42.07%,-50.01%,Add to Watchlist Remove from Watchlist Watchlist full! View Chart View Markets View Historical Data
384,385,OSC OpenSourcecoin,OSC,"$3,889",$0.000820,4740162,Low Vol,0.05%,8.14%,16.98%,Add to Watchlist Remove from Watchlist Watchlist full! View Chart View Markets View Historical Data
385,386,BRIT BritCoin,BRIT,"$3,861",$0.000357,10825202,Low Vol,0.06%,-0.65%,27.56%,Add to Watchlist Remove from Watchlist  Watchlist full! View Chart View Markets View Historical Data
386,387,CAGE CageCoin,CAGE,"$3,855",$4.1e-08,94398959997,Low Vol,-5.82%,4.78%,-22.56%,Add to Watchlist Remove from Watchlist Watchlist full! View Chart View Markets View Historical Data
387,388,QCN QuazarCoin,QCN,"$3,805",$0.002195,1733661,Low Vol,0.06%,-0.67%,22.47%,Add to Watchlist Remove from Watchlist Watchlist full! View Chart View Markets View Historical Data
388,389,PLNC PLNcoin,PLNC,"$3,798",$0.000222,17089600,Low Vol,0.05%,-9.94%,-2.47%,Add to Watchlist Remove from Watchlist Watchlist full! View Chart View Markets View Historical Data
389,390,TECH Techcoin,TECH,"$3,727",$0.019756,188652,Low Vol,0.06%,-0.67%,123.73%,Add to Watchlist Remove from Watchlist Watchlist full! View Chart View Markets View Historical Data
390,391,EVENT EventToken,EVENT,"$3,691",$0.000472,"7,822,138 *",Low Vol,0.04%,29.18%,-9.25%,Add to Watchlist Remove from Watchlist Watchlist full! View Chart View Markets View Historical Data
391,392,VDO Vidio,VDO,"$3,401",$0.000160,"21,200,446 *",Low Vol,0.05%,-31.35%,-1.90%,Add to Watchlist  Remove from Watchlist Watchlist full! View Chart View Markets View Historical Data
392,393,GP GoldPieces,GP,"$3,294",$0.004048,"813,852 *",Low Vol,0.04%,10.68%,-47.23%,Add to Watchlist Remove from Watchlist Watchlist full! View Chart View Markets View Historical Data
393,394,NEC Neocoin,NEC,"$3,156",$0.000513,6150310,Low Vol,-1.52%,-1.72%,-8.03%,Add to Watchlist Remove from Watchlist Watchlist full! View Chart View Markets View Historical Data
394,395,MCN MonetaVerde,MCN,"$3,118",$0.000310,10055207,Low Vol,0.06%,-1.54%,1.76%,Add to Watchlist Remove from Watchlist Watchlist full! View Chart View Markets View Historical Data
395,396,ULTC Umbrella-LTC,ULTC,"$3,096",$0.004561,678880,Low Vol,8.42%,-4.81%,-8.03%,Add to Watchlist Remove from Watchlist Watchlist full! View Chart View Markets View Historical Data
396,397,SPT Spots,SPT,"$3,009",$0.000195,15445738,Low Vol,7.62%,5.30%,30.37%,Add to Watchlist Remove from Watchlist Watchlist full! View Chart View Markets View Historical Data
397,398,HAL Halcyon,HAL,"$2,988",$0.001837,1626446,Low Vol,0.06%,16.69%,33.62%,Add to Watchlist Remove from Watchlist Watchlist full! View Chart View Markets View Historical Data
398,399,LGD LegendaryCoin,LGD,"$2,976",$0.000598,4974612,Low Vol,0.06%,-3.28%,-28.89%,Add to Watchlist Remove from Watchlist Watchlist full! View Chart View Markets View Historical Data
399,400,FRAC Fractalcoin,FRAC,"$2,975",$0.004046,735422,Low Vol,0.04%,1.73%,-4.97%,Add to Watchlist Remove from Watchlist Watchlist full! View Chart View Markets View Historical Data
400,401,ARG Argentum,ARG,"$2,936",$0.001995,1471853,Low Vol,0.03%,-0.11%,-0.97%,Add to Watchlist Remove from Watchlist Watchlist full! View Chart View Markets View Historical Data
401,402,SHADE ShadeCoin,SHADE,"$2,818",$0.001663,1694985,Low Vol,0.06%,-3.54%,7.79%,Add to Watchlist Remove from Watchlist Watchlist full! View Chart View Markets View Historical Data
402,403,BCF Bitcoin Fast,BCF,"$2,791",$0.003155,884700,Low Vol,0.04%,-4.66%,12.01%,Add to Watchlist Remove from Watchlist Watchlist full! View Chart View Markets View Historical Data
403,404,U UCoin,U,"$2,672",$0.001095,"2,441,029 *",Low Vol,-0.47%,122.14%,215.77%,Add to Watchlist Remove from Watchlist Watchlist full! View Chart View Markets View Historical Data
404,405,PYC Paycoin,PYC,"$2,611",$0.001399,1866105,Low Vol,0.04%,1.20%,19.09%,Add to Watchlist Remove from Watchlist Watchlist full! View Chart View Markets View Historical Data
405,406,MUE MonetaryUnit,MUE,"$2,586",$0.000051,50612640,Low Vol,0.31%,75.05%,34.53%,Add to Watchlist Remove from Watchlist Watchlist full! View Chart View Markets View Historical Data
406,407,HEX Heisenberg,HEX,"$2,519",$2e-07,12473553843,Low Vol,0.06%,210.86%,259.22%,Add to Watchlist Remove from Watchlist Watchlist full! View Chart View Markets View Historical Data
407,408,GLYPH Glyph,GLYPH,"$2,506",$0.001098,2283456,Low Vol,-22.43%,-19.08%,-8.59%,Add to Watchlist Remove from Watchlist Watchlist full! View Chart View Markets View Historical Data
408,409,GSM GSMcoin,GSM,"$2,506",$0.001372,"1,826,520 *",Low Vol,0.04%,45.41%,-7.50%,Add to Watchlist Remove from Watchlist Watchlist full! View Chart View Markets View Historical Data
409,410,NRB Noirbits,NRB,"$2,458",$0.001092,2251240,Low Vol,-0.03%,31.35%,57.17%,Add to Watchlist Remove from Watchlist Watchlist full! View Chart View Markets View Historical Data
410,411,SOL Solcoin,SOL,"$2,331",$0.000008,283209014,Low Vol,0.06%,-0.67%,221.48%,Add to Watchlist Remove from Watchlist Watchlist full! View Chart View Markets View Historical Data
411,412,GAP Gapcoin,GAP,"$2,199",$0.001100,1998389,Low Vol,0.03%,-33.85%,-39.03%,Add to Watchlist Remove from Watchlist Watchlist full! View Chart View Markets View Historical Data
412,413,PLC Polcoin,PLC,"$2,170",$0.000123,17578050,Low Vol,0.06%,-0.19%,6.65%,Add to Watchlist Remove from Watchlist Watchlist full! View Chart View Markets View Historical Data
413,414,JKC Junkcoin,JKC,"$2,145",$0.000154,13961400,Low Vol,1.88%,-14.42%,-19.92%,Add to Watchlist Remove from Watchlist Watchlist full! View Chart View Markets View Historical Data
414,415,BTQ BitQuark,BTQ,"$2,109",$0.000856,2463572,Low Vol,0.06%,?,8.55%,Add to Watchlist Remove from Watchlist Watchlist full! View Chart View Markets View Historical Data
415,416,BEN Benjamins,BEN,"$2,038",$0.000840,2427600,Low Vol,0.05%,0.32%,-16.27%,Add to Watchlist Remove from Watchlist Watchlist full! View Chart View Markets View Historical Data
416,417,CNL ConcealCoin,CNL,"$1,898",$0.000189,"10,026,047 *",Low Vol,0.06%,1.46%,6.86%,Add to Watchlist Remove from Watchlist Watchlist full! View Chart View Markets View Historical Data
417,418,BSD BitSend,BSD,"$1,841",$0.000374,4927877,Low Vol,-0.06%,35.25%,45.92%,Add to Watchlist Remove from Watchlist Watchlist full! View Chart View Markets View Historical Data
418,419,GRE Greencoin,GRE,"$1,824",$0.000003,"541,313,025 *",Low Vol,0.11%,-53.26%,31.57%,Add to Watchlist Remove from Watchlist Watchlist full! View Chart View Markets View Historical Data
419,420,LSD Lightspeed,LSD,"$1,789",$0.002330,767911,Low Vol,0.18%,-0.59%,2.42%,Add to Watchlist Remove from Watchlist Watchlist full! View Chart View Markets View Historical Data
420,421,PHO Photon,PHO,"$1,757",$3.2e-07,5462442150,Low Vol,0.39%,-1.07%,5.64%,Add to Watchlist Remove from Watchlist Watchlist full! View Chart View Markets View Historical Data
421,422,SOLE Solecoin,SOLE,"$1,745",$0.001364,"1,279,983 *",Low Vol,0.06%,-1.81%,-3.11%,Add to Watchlist Remove from Watchlist Watchlist full! View Chart View Markets View Historical Data
422,423,JUDGE Judgecoin,JUDGE,"$1,717",$0.000148,11591081,Low Vol,0.06%,-0.67%,4.64%,Add to Watchlist Remove from Watchlist Watchlist full! View Chart View Markets View Historical Data
423,424,HIRO Hirocoin,HIRO,"$1,716",$0.000019,89328800,Low Vol,0.06%,-0.67%,50.03%,Add to Watchlist Remove from Watchlist Watchlist full! View Chart View Markets View Historical Data
424,425,CORG CorgiCoin,CORG,"$1,702",$1.9e-08,"90,191,202,249 *",Low Vol,0.22%,1.19%,0.52%,Add to Watchlist Remove from Watchlist Watchlist full! View Chart View Markets View Historical Data
425,426,PEN1 Pen,PEN1,"$1,654",$0.003048,"542,668 *",Low Vol,0.04%,-15.19%,-17.45%,Add to Watchlist Remove from Watchlist Watchlist full! View Chart View Markets View Historical Data
426,427,SHLD ShieldCoin,SHLD,"$1,646",$0.001506,"1,092,727 *",Low Vol,0.06%,3.05%,-59.89%,Add to Watchlist Remove from Watchlist Watchlist full! View Chart View Markets View Historical Data
427,428,QB Quarkbar,QB,"$1,644",$0.000140,11751306,Low Vol,0.06%,-0.67%,?,Add to Watchlist Remove from Watchlist Watchlist full! View Chart View Markets View Historical Data
428,429,GUN Guncoin,GUN,"$1,640",$0.000025,66699828,Low Vol,-0.02%,-10.82%,-28.66%,Add to Watchlist Remove from Watchlist Watchlist full! View Chart View Markets View Historical Data
429,430,VMC VirtualMining...,VMC,"$1,628",$0.000019,84753453,Low Vol,0.06%,-0.67%,-5.87%,Add to Watchlist Remove from Watchlist Watchlist full! View Chart View Markets View Historical Data
430,431,RIPO RipoffCoin,RIPO,"$1,594",$0.000195,8181225,Low Vol,0.06%,-5.97%,-8.82%,Add to Watchlist Remove from Watchlist Watchlist full! View Chart View Markets View Historical Data
431,432,WBB Wild Beast Block,WBB,"$1,521",$0.041430,36710,Low Vol,0.72%,-62.52%,-81.38%,Add to Watchlist Remove from Watchlist Watchlist full! View Chart View Markets View Historical Data
432,433,VULT VultMining,VULT,"$1,492",$0.002560,"582,828 *",Low Vol,0.47%,0.69%,?,Add to Watchlist Remove from Watchlist Watchlist full! View Chart View Markets View Historical Data
433,434,BAT BatCoin,BAT,"$1,471",$2.3e-07,6481010000,Low Vol,0.37%,7.91%,8.91%,Add to Watchlist Remove from Watchlist Watchlist full! View Chart View Markets View Historical Data
434,435,XBOT SocialxBot,XBOT,"$1,471",$0.000936,"1,572,244 *",Low Vol,0.05%,9.28%,4.45%,Add to Watchlist Remove from Watchlist Watchlist full! View Chart View Markets View Historical Data
435,436,ORO ORObit,ORO,"$1,459",$0.000674,2164151,Low Vol,0.06%,-29.14%,-24.11%,Add to Watchlist Remove from Watchlist Watchlist full! View Chart View Markets View Historical Data
436,437,NMB Nimbus,NMB,"$1,435",$0.000102,14117329,Low Vol,0.06%,-24.88%,0.39%,Add to Watchlist Remove from Watchlist Watchlist full! View Chart View Markets View Historical Data
437,438,TAK TakCoin,TAK,"$1,399",$0.000008,169950240,Low Vol,0.05%,-0.67%,-0.06%,Add to Watchlist Remove from Watchlist Watchlist full! View Chart View Markets View Historical Data
438,439,ADN Aiden,ADN,"$1,326",$0.000091,14639403,Low Vol,0.06%,-0.94%,-51.56%,Add to Watchlist Remove from Watchlist Watchlist full! View Chart View Markets View Historical Data
439,440,42 42-coin,42,"$1,204",$1311.58,0.9178677,Low Vol,0.06%,2.97%,5.85%,Add to Watchlist Remove from Watchlist Watchlist full! View Chart View Markets View Historical Data
440,441,CFC CoffeeCoin,CFC,"$1,200",$0.000008,"145,832,393 *",Low Vol,50.09%,-0.72%,7.16%,Add to Watchlist Remove from Watchlist Watchlist full! View Chart View Markets View Historical Data
441,442,RT2 RotoCoin,RT2,"$1,161",$0.017807,65194,Low Vol,-0.09%,12.17%,-6.05%,Add to Watchlist Remove from Watchlist Watchlist full! View Chart View Markets View Historical Data
442,443,BVC BeaverCoin,BVC,"$1,125",$0.000492,2286956,Low Vol,-13.35%,-18.02%,11.34%,Add to Watchlist Remove from Watchlist Watchlist full! View Chart View Markets View Historical Data
443,444,XSI StabilityShares,XSI,"$1,113",$0.000151,7372511,Low Vol,0.06%,?,-46.42%,Add to Watchlist Remove from Watchlist Watchlist full! View Chart View Markets View Historical Data
444,445,DSB DarkShibe,DSB,"$1,066",$0.000848,"1,257,908 *",Low Vol,0.03%,-12.82%,-19.54%,Add to Watchlist Remove from Watchlist Watchlist full! View Chart View Markets View Historical Data
445,446,CAM CamorraCoin,CAM,"$1,042",$0.000305,3421921,Low Vol,0.04%,26.71%,-42.41%,Add to Watchlist Remove from Watchlist Watchlist full! View Chart View Markets View Historical Data
446,447,AXR Axron,AXR,$959,$0.000892,"1,075,900 *",Low Vol,0.06%,0.98%,7.07%,Add to Watchlist Remove from Watchlist Watchlist full! View Chart View Markets View Historical Data
447,448,MAL MalibuCoin,MAL,$955,$0.000600,"1,591,737 *",Low Vol,-0.55%,-15.46%,-10.49%,Add to Watchlist Remove from Watchlist Watchlist full! View Chart View Markets View Historical Data
448,449,UIS Unitus,UIS,$949,$0.000124,7629078,Low Vol,0.46%,-16.87%,-30.16%,Add to Watchlist Remove from Watchlist Watchlist full! View Chart View Markets View Historical Data
449,450,ABC2 Abundance2,ABC2,$947,$0.001369,"692,087 *",Low Vol,0.03%,-17.63%,-53.12%,Add to Watchlist Remove from Watchlist Watchlist full! View Chart View Markets View Historical Data
450,451,SOON SoonCoin,SOON,$945,$0.000105,"8,981,300 *",Low Vol,0.07%,1.61%,-31.46%,Add to Watchlist Remove from Watchlist Watchlist full! View Chart View Markets View Historical Data
451,452,BOB Dobbscoin,BOB,$934,$0.000357,2618000,Low Vol,0.06%,-22.21%,21.14%,Add to Watchlist Remove from Watchlist Watchlist full! View Chart View Markets View Historical Data
452,453,CGA Cryptographic...,CGA,$926,$0.006187,149580,Low Vol,0.09%,-22.56%,-19.66%,Add to Watchlist Remove from Watchlist Watchlist full! View Chart View Markets View Historical Data
453,454,GUA Guarany,GUA,$910,$0.005531,164600,Low Vol,0.03%,209.41%,2.69%,Add to Watchlist Remove from Watchlist Watchlist full! View Chart View Markets View Historical Data
454,455,PXI Prime-XI,PXI,$898,$0.000239,3761348,Low Vol,0.04%,-4.47%,9.62%,Add to Watchlist Remove from Watchlist Watchlist full! View Chart View Markets View Historical Data
455,456,CND CannabisDarkcoin,CND,$883,$0.000123,7152204,Low Vol,0.03%,?,-26.96%,Add to Watchlist Remove from Watchlist Watchlist full! View Chart View Markets View Historical Data
456,457,GDN Global Denomi...,GDN,$803,$0.000107,7500280,Low Vol,0.06%,43.47%,30.60%,Add to Watchlist Remove from Watchlist Watchlist full! View Chart View Markets View Historical Data
457,458,CRT CRTCoin,CRT,$760,$0.009593,79270,Low Vol,0.07%,-0.73%,33.89%,Add to Watchlist Remove from Watchlist Watchlist full! View Chart View Markets View Historical Data
458,459,KRN Ekrona,KRN,$746,$0.000151,4943240,Low Vol,-19.07%,-3.60%,-11.99%,Add to Watchlist Remove from Watchlist Watchlist full! View Chart View Markets View Historical Data
459,460,BDC BollywoodCoin,BDC,$688,$0.000510,"1,348,250 *",Low Vol,-3.59%,-8.02%,-0.56%,Add to Watchlist Remove from Watchlist Watchlist full! View Chart View Markets View Historical Data
460,461,LMR LemurCoin,LMR,$686,$0.006859,100000,Low Vol,0.03%,4.01%,-5.23%,Add to Watchlist Remove from Watchlist Watchlist full! View Chart View Markets View Historical Data
461,462,PFC ProfitCoin,PFC,$677,$0.002755,245598,Low Vol,-0.11%,-0.78%,-8.13%,Add to Watchlist Remove from Watchlist Watchlist full! View Chart View Markets View Historical Data
462,463,NTC NineElevenTru...,NTC,$638,$0.000005,116325858,Low Vol,0.04%,-0.69%,-9.44%,Add to Watchlist Remove from Watchlist Watchlist full! View Chart View Markets View Historical Data
463,464,MAC Machinecoin,MAC,$609,$0.000072,8429250,Low Vol,2.07%,-5.26%,2.64%,Add to Watchlist Remove from Watchlist Watchlist full! View Chart View Markets View Historical Data
464,465,UNAT Unattainium,UNAT,$556,$0.012896,43144,Low Vol,0.06%,18.88%,?,Add to Watchlist Remove from Watchlist Watchlist full! View Chart View Markets View Historical Data
465,466,AU Aurum Coin,AU,$540,$0.002867,188319,Low Vol,0.57%,-14.05%,-42.25%,Add to Watchlist Remove from Watchlist Watchlist full! View Chart View Markets View Historical Data
466,467,CYC Conspiracycoin,CYC,$534,$0.000093,5727959,Low Vol,0.06%,-0.67%,7.16%,Add to Watchlist Remove from Watchlist Watchlist full! View Chart View Markets View Historical Data
467,468,BELA Bela,BELA,$520,$0.000085,"6,118,900 *",Low Vol,0.06%,-12.02%,-31.68%,Add to Watchlist Remove from Watchlist Watchlist full! View Chart View Markets View Historical Data
468,469,GRN Granite,GRN,$492,$0.000036,13589000,Low Vol,0.06%,0.29%,0.92%,Add to Watchlist Remove from Watchlist Watchlist full! View Chart View Markets View Historical Data
469,470,BNCR Bancorcoin,BNCR,$468,$0.000085,5496320,Low Vol,-45.56%,-35.62%,-50.25%,Add to Watchlist Remove from Watchlist Watchlist full! View Chart View Markets View Historical Data
470,471,VC VirtualCoin,VC,$450,$0.000274,1638354,Low Vol,0.06%,?,227.29%,Add to Watchlist Remove from Watchlist Watchlist full! View Chart View Markets View Historical Data
471,472,SPUDS PotatoCoin,SPUDS,$444,$0.000003,161906118,Low Vol,0.05%,-0.69%,-46.43%,Add to Watchlist Remove from Watchlist Watchlist full! View Chart View Markets View Historical Data
472,473,GNS Gnosis,GNS,$425,$0.000014,30963518,Low Vol,0.04%,-27.03%,-74.49%,Add to Watchlist Remove from Watchlist Watchlist full! View Chart View Markets View Historical Data
473,474,TAC Talkcoin,TAC,$423,$0.000030,14014794,Low Vol,0.06%,?,?,Add to Watchlist Remove from Watchlist Watchlist full! View Chart View Markets View Historical Data
474,475,CETI Cetuscoin,CETI,$378,$0.000166,2275440,Low Vol,0.04%,1.80%,6.86%,Add to Watchlist Remove from Watchlist Watchlist full! View Chart View Markets View Historical Data
475,476,IPC ImperialCoin,IPC,$294,$0.000006,53052000,Low Vol,-0.24%,-18.66%,-41.50%,Add to Watchlist Remove from Watchlist Watchlist full! View Chart View Markets View Historical Data
476,477,XPL RippleLite,XPL,$293,$0.000003,106703557,Low Vol,0.04%,-0.68%,-84.70%,Add to Watchlist Remove from Watchlist Watchlist full! View Chart View Markets View Historical Data
477,478,YUM CandyCoin,YUM,$259,$0.000064,4066350,Low Vol,0.05%,1.78%,?,Add to Watchlist Remove from Watchlist Watchlist full! View Chart View Markets View Historical Data
478,479,XTR ExtractCoin,XTR,$254,$0.000162,1569400,Low Vol,0.04%,12.63%,-42.55%,Add to Watchlist Remove from Watchlist Watchlist full! View Chart View Markets View Historical Data
479,480,ACH ach,ACH,$240,$0.000286,"837,627 *",Low Vol,-0.99%,161.35%,89.89%,Add to Watchlist Remove from Watchlist Watchlist full! View Chart View Markets View Historical Data
480,481,CFN ConfessionCoin,CFN,$233,$0.000041,5662680,Low Vol,0.04%,-6.89%,-5.48%,Add to Watchlist Remove from Watchlist Watchlist full! View Chart View Markets View Historical Data
481,482,DP DigitalPrice,DP,$230,$0.000096,"2,393,592 *",Low Vol,-33.31%,15.87%,-29.63%,Add to Watchlist Remove from Watchlist Watchlist full! View Chart View Markets View Historical Data
482,483,CDN Canada eCoin,CDN,$213,$0.000020,10583450,Low Vol,0.06%,-18.87%,-10.05%,Add to Watchlist Remove from Watchlist Watchlist full! View Chart View Markets View Historical Data
483,484,FETISH Fetish,FETISH,$196,$0.000244,802674,Low Vol,0.03%,-41.07%,?,Add to Watchlist Remove from Watchlist Watchlist full! View Chart View Markets View Historical Data
484,485,BDSM BDSM,BDSM,$158,$0.000030,5284894,Low Vol,0.03%,19.90%,-10.69%,Add to Watchlist Remove from Watchlist Watchlist full! View Chart View Markets View Historical Data
485,486,WLF WolfCoin,WLF,$118,$0.000069,1721704,Low Vol,0.03%,-60.73%,-58.04%,Add to Watchlist Remove from Watchlist Watchlist full! View Chart View Markets View Historical Data
486,487,DRS Denarius,DRS,$101,$0.000088,1148800,Low Vol,0.06%,-0.67%,10.62%,Add to Watchlist Remove from Watchlist Watchlist full! View Chart View Markets View Historical Data
487,488,VOYA Voyacoin,VOYA,$64,$0.000582,110401,Low Vol,-2.22%,-53.00%,-92.52%,Add to Watchlist Remove from Watchlist Watchlist full! View Chart View Markets View Historical Data
488,489,DON Donationcoin,DON,$63,$0.000014,4607050,Low Vol,0.06%,-0.67%,7.16%,Add to Watchlist Remove from Watchlist Watchlist full! View Chart View Markets View Historical Data
489,490,LIT Lightcoin,LIT,$28,$0.000005,5115468,Low Vol,-33.29%,-66.89%,-67.78%,Add to Watchlist Remove from Watchlist Watchlist full! View Chart View Markets View Historical Data
490,491,DUCK DuckDuckCoin,DUCK,?,$13.72,?,Low Vol,0.06%,-0.67%,-18.20%,Add to Watchlist Remove from Watchlist Watchlist full! View Chart View Markets View Historical Data
491,492,ZRC ZiftrCOIN,ZRC,?,$0.158973,?,"$15,858",-10.80%,-1.43%,?,Add to Watchlist Remove from Watchlist Watchlist full! View Chart View Markets View Historical Data
492,493,GRID GridPay,GRID,?,$0.010993,? *,Low Vol,18.55%,46.51%,-39.51%,Add to Watchlist Remove from Watchlist Watchlist full! View Chart View Markets View Historical Data
493,494,J Joincoin,J,?,$0.009189,?,$608,0.06%,2.33%,63.33%,Add to Watchlist Remove from Watchlist Watchlist full! View Chart View Markets View Historical Data
494,495,SLM Slimcoin,SLM,?,$0.006022,?,Low Vol,0.04%,?,?,Add to Watchlist Remove from Watchlist Watchlist full! View Chart View Markets View Historical Data
495,496,CRC CraftCoin,CRC,?,$0.002865,?,Low Vol,0.03%,-2.19%,5.37%,Add to Watchlist Remove from Watchlist Watchlist full! View Chart View Markets View Historical Data
496,497,MYST MysteryCoin,MYST,?,$0.002484,? *,Low Vol,0.04%,-25.95%,0.59%,Add to Watchlist Remove from Watchlist Watchlist full! View Chart View Markets View Historical Data
497,498,ECASH E-Money,ECASH,?,$0.002220,? *,$840,9.81%,-16.08%,-63.94%,Add to Watchlist Remove from Watchlist Watchlist full! View Chart View Markets View Historical Data
498,499,FSC2 FriendshipCoin 2,FSC2,?,$0.001808,? *,Low Vol,0.04%,-2.17%,-3.30%,Add to Watchlist Remove from Watchlist Watchlist full! View Chart View Markets View Historical Data
499,500,LAB Coinworkscoin,LAB,?,$0.001375,?,Low Vol,0.03%,20.44%,11.79%,Add to Watchlist Remove from Watchlist Watchlist full! View Chart View Markets View Historical Data
500,501,GRC GridCoin,GRC,?,$0.001368,?,Low Vol,5.23%,4.98%,-43.33%,Add to Watchlist Remove from Watchlist Watchlist full! View Chart View Markets View Historical Data
501,502,BTE Bytecoin,BTE,?,$0.001254,?,Low Vol,0.05%,-17.46%,-33.95%,Add to Watchlist Remove from Watchlist Watchlist full! View Chart View Markets View Historical Data
502,503,VTR vTorrent,VTR,?,$0.000908,?,Low Vol,0.04%,17.40%,29.87%,Add to Watchlist Remove from Watchlist Watchlist full! View Chart View Markets View Historical Data
503,504,CACH CacheCoin,CACH,?,$0.000867,?,Low Vol,0.06%,-10.06%,-25.18%,Add to Watchlist Remove from Watchlist Watchlist full! View Chart View Markets View Historical Data
504,505,DT DarkToken,DT,?,$0.000488,? *,Low Vol,0.04%,-22.11%,-37.76%,Add to Watchlist Remove from Watchlist Watchlist full! View Chart View Markets View Historical Data
505,506,DBL Doubloons,DBL,?,$0.000487,?,Low Vol,0.34%,-21.72%,-14.02%,Add to Watchlist Remove from Watchlist Watchlist full! View Chart View Markets View Historical Data
506,507,AGS Aegis,AGS,?,$0.000381,? *,Low Vol,0.06%,17.37%,-2.30%,Add to Watchlist Remove from Watchlist Watchlist full! View Chart View Markets View Historical Data
507,508,ALI Alipaycoin,ALI,?,$0.000381,?,Low Vol,0.04%,-12.07%,-78.03%,Add to Watchlist Remove from Watchlist Watchlist full! View Chart View Markets View Historical Data
508,509,NBL Nibble,NBL,?,$0.000357,?,Low Vol,0.05%,-21.26%,-6.48%,Add to Watchlist Remove from Watchlist Watchlist full! View Chart View Markets View Historical Data
509,510,TGC Tigercoin,TGC,?,$0.000241,?,Low Vol,0.03%,-1.78%,7.99%,Add to Watchlist Remove from Watchlist Watchlist full! View Chart View Markets View Historical Data
510,511,CNC CHNCoin,CNC,?,$0.000225,?,Low Vol,0.05%,0.97%,-23.04%,Add to Watchlist Remove from Watchlist Watchlist full! View Chart View Markets View Historical Data
511,512,AMC AmericanCoin,AMC,?,$0.000151,?,Low Vol,0.05%,-2.16%,5.63%,Add to Watchlist Remove from Watchlist Watchlist full! View Chart View Markets View Historical Data
512,513,EZC EZCoin,EZC,?,$0.000147,?,Low Vol,0.14%,-5.54%,-12.65%,Add to Watchlist Remove from Watchlist Watchlist full! View Chart View Markets View Historical Data
513,514,ALF AlphaCoin,ALF,?,$0.000123,?,Low Vol,1.19%,4.63%,9.87%,Add to Watchlist Remove from Watchlist Watchlist full! View Chart View Markets View Historical Data
514,515,NAN NanoToken,NAN,?,$0.000121,?,Low Vol,0.05%,-0.67%,10.30%,Add to Watchlist Remove from Watchlist Watchlist full! View Chart View Markets View Historical Data
515,516,SSV SSVCoin,SSV,?,$0.000102,?,Low Vol,2.84%,-4.03%,7.46%,Add to Watchlist Remove from Watchlist Watchlist full! View Chart View Markets View Historical Data
516,517,OMA Omega,OMA,?,$0.000088,? *,Low Vol,0.04%,-35.14%,-81.86%,Add to Watchlist Remove from Watchlist Watchlist full! View Chart View Markets View Historical Data
517,518,SKC Skeincoin,SKC,?,$0.000082,?,Low Vol,?,?,?,Add to Watchlist Remove from Watchlist Watchlist full! View Chart View Markets View Historical Data
518,519,2015 Twenty15,2015,?,$0.000058,? *,Low Vol,0.04%,-24.98%,-74.48%,Add to Watchlist Remove from Watchlist Watchlist full! View Chart View Markets View Historical Data
519,520,DOT Dotcoin,DOT,?,$0.000058,? *,Low Vol,0.04%,-0.69%,2.62%,Add to Watchlist Remove from Watchlist Watchlist full! View Chart View Markets View Historical Data
520,521,MEM Memecoin,MEM,?,$0.000038,?,Low Vol,0.34%,?,1.81%,Add to Watchlist Remove from Watchlist Watchlist full! View Chart View Markets View Historical Data
521,522,ELP ElephantCoin,ELP,?,$0.000034,?,Low Vol,0.42%,-11.92%,-27.70%,Add to Watchlist Remove from Watchlist Watchlist full! View Chart View Markets View Historical Data
522,523,STR StarCoin,STR,?,$0.000033,?,Low Vol,0.06%,-0.67%,-5.73%,Add to Watchlist Remove from Watchlist Watchlist full! View Chart View Markets View Historical Data
523,524,GME GameCoin,GME,?,$0.000010,?,Low Vol,0.34%,?,7.85%,Add to Watchlist Remove from Watchlist Watchlist full! View Chart View Markets View Historical Data
524,525,BTMI Bitmiles,BTMI,?,$0.000008,?,Low Vol,0.04%,-7.34%,-39.81%,Add to Watchlist Remove from Watchlist Watchlist full! View Chart View Markets View Historical Data
525,526,XNC XenCoin,XNC,?,$0.000007,?,Low Vol,0.00%,0.05%,2.64%,Add to Watchlist Remove from Watchlist Watchlist full! View Chart View Markets View Historical Data
526,527,EUPH Euphoria,EUPH,?,$0.000003,?,Low Vol,0.04%,?,-85.03%,Add to Watchlist Remove from Watchlist Watchlist full! View Chart View Markets View Historical Data
527,528,NBE BitCentavo,NBE,?,$1.3e-07,?,Low Vol,0.37%,?,-54.76%,Add to Watchlist Remove from Watchlist Watchlist full! View Chart View Markets View Historical Data
528,529,CENT Pennies,CENT,?,$1.4e-09,?,Low Vol,2.27%,-8.16%,-27.15%,Add to Watchlist Remove from Watchlist Watchlist full! View Chart View Markets View Historical Data
